{"thresholds": {"1e-10": 3, "5e-10": 42, "1e-09": 81, "5e-09": 426, "1e-08": 886, "5e-08": 4251, "1e-07": 8610, "5e-07": 42824, "1e-06": 85363, "5e-06": 427560, "1e-05": 855054, "0.0001": 8567517, "0.0005": 42789137, "0.001": 85279155, "0.005": 400613233, "0.01": 705769270, "0.05": 1073504336, "0.1": 1073735128, "0.5": 1073741804, "1": 1073741820}, "approx_quantiles": {"model.transformer.blocks.0.attn_out": {"0.01": 0.00011000702943420038, "0.02": 0.00022015467402525246, "0.05": 0.0005539516569115222, "0.1": 0.0011126238387078047, "0.25": 0.0028226207941770554, "0.5": 0.005990979727357626, "0.75": 0.010321998968720436, "0.99": 0.023960191756486893}, "model.transformer.blocks.0.ff_out": {"0.01": 0.00012829728075303137, "0.02": 0.0002556233375798911, "0.05": 0.0006414636736735702, "0.1": 0.0012894916580989957, "0.25": 0.0032808624673634768, "0.5": 0.006949856877326965, "0.75": 0.011900147423148155, "0.99": 0.02712184190750122}, "model.transformer.blocks.0.att_proj": {"0.01": 0.00011825050023617223, "0.02": 0.0002370954753132537, "0.05": 0.0005864339764229953, "0.1": 0.0011725150980055332, "0.25": 0.0029850909486413, "0.5": 0.006380775943398476, "0.75": 0.01110357791185379, "0.99": 0.028156494721770287}, "model.transformer.blocks.0.ff_proj": {"0.01": 0.00010879518231377006, "0.02": 0.00021785104763694108, "0.05": 0.0005446113063953817, "0.1": 0.0010871790582314134, "0.25": 0.0027610729448497295, "0.5": 0.00585837522521615, "0.75": 0.010010714642703533, "0.99": 0.022718176245689392}, "model.transformer.blocks.1.attn_out": {"0.01": 0.00011196429113624617, "0.02": 0.0002250420075142756, "0.05": 0.0005562001606449485, "0.1": 0.0011201553279533982, "0.25": 0.0028408674988895655, "0.5": 0.006066245026886463, "0.75": 0.010535340756177902, "0.99": 0.025909390300512314}, "model.transformer.blocks.1.ff_out": {"0.01": 0.000129640000523068, "0.02": 0.00025883837952278554, "0.05": 0.0006534415297210217, "0.1": 0.0013103013625368476, "0.25": 0.0033256285823881626, "0.5": 0.0070395697839558125, "0.75": 0.012015676125884056, "0.99": 0.027202798053622246}, "model.transformer.blocks.1.att_proj": {"0.01": 0.00010457912867423147, "0.02": 0.0002126497565768659, "0.05": 0.0005320881027728319, "0.1": 0.0010698914993554354, "0.25": 0.0027433871291577816, "0.5": 0.005999201908707619, "0.75": 0.010775566101074219, "0.99": 0.0306160356849432}, "model.transformer.blocks.1.ff_proj": {"0.01": 0.00012693543976638466, "0.02": 0.00025291796191595495, "0.05": 0.0006278996588662267, "0.1": 0.0012558107264339924, "0.25": 0.003194201970472932, "0.5": 0.006756119895726442, "0.75": 0.011529212817549706, "0.99": 0.026151085272431374}, "model.transformer.blocks.2.attn_out": {"0.01": 0.00013431721890810877, "0.02": 0.0002690745750442147, "0.05": 0.0006746768485754728, "0.1": 0.0013528337003663182, "0.25": 0.003440878354012966, "0.5": 0.007290482986718416, "0.75": 0.012473269365727901, "0.99": 0.02866320125758648}, "model.transformer.blocks.2.ff_out": {"0.01": 0.00012974256242159754, "0.02": 0.000259091320913285, "0.05": 0.0006481456221081316, "0.1": 0.0012971791438758373, "0.25": 0.0032778563909232616, "0.5": 0.006946069188416004, "0.75": 0.011862258426845074, "0.99": 0.026920964941382408}, "model.transformer.blocks.2.att_proj": {"0.01": 0.00012843054719269276, "0.02": 0.00025606961571611464, "0.05": 0.0006381894927471876, "0.1": 0.0012802123092114925, "0.25": 0.0032808156684041023, "0.5": 0.007222102954983711, "0.75": 0.013051229529082775, "0.99": 0.03639030456542969}, "model.transformer.blocks.2.ff_proj": {"0.01": 0.00012523219629656523, "0.02": 0.00025375335826538503, "0.05": 0.0006326275761239231, "0.1": 0.0012678359635174274, "0.25": 0.0032175423111766577, "0.5": 0.006810026243329048, "0.75": 0.011651687324047089, "0.99": 0.026580344885587692}, "model.transformer.blocks.3.attn_out": {"0.01": 0.00014212580572348088, "0.02": 0.0002840738161467016, "0.05": 0.0007073612650856376, "0.1": 0.001411524834111333, "0.25": 0.0035772076807916164, "0.5": 0.007587059400975704, "0.75": 0.01298479549586773, "0.99": 0.02961166761815548}, "model.transformer.blocks.3.ff_out": {"0.01": 0.00013125997793395072, "0.02": 0.00026176715618930757, "0.05": 0.0006555599393323064, "0.1": 0.0013157206121832132, "0.25": 0.0033401064574718475, "0.5": 0.007075350731611252, "0.75": 0.012091023847460747, "0.99": 0.02743370272219181}, "model.transformer.blocks.3.att_proj": {"0.01": 0.00012784362479578704, "0.02": 0.0002573439560364932, "0.05": 0.0006428057095035911, "0.1": 0.0012935183476656675, "0.25": 0.00331669207662344, "0.5": 0.0072084106504917145, "0.75": 0.012781795114278793, "0.99": 0.03429865464568138}, "model.transformer.blocks.3.ff_proj": {"0.01": 0.00012417099787853658, "0.02": 0.00024628284154459834, "0.05": 0.0006147095700725913, "0.1": 0.001225341227836907, "0.25": 0.0031114702578634024, "0.5": 0.006600203923881054, "0.75": 0.011290056630969048, "0.99": 0.02593999169766903}, "model.transformer.blocks.4.attn_out": {"0.01": 0.00013624040002468973, "0.02": 0.00026993436040356755, "0.05": 0.0006836436223238707, "0.1": 0.001369370729662478, "0.25": 0.003466650377959013, "0.5": 0.007335323840379715, "0.75": 0.012528793886303902, "0.99": 0.028319895267486572}, "model.transformer.blocks.4.ff_out": {"0.01": 0.00012767448788508773, "0.02": 0.00025990232825279236, "0.05": 0.0006492313113994896, "0.1": 0.001307609025388956, "0.25": 0.0033276276662945747, "0.5": 0.007038839161396027, "0.75": 0.012016665190458298, "0.99": 0.027129651978611946}, "model.transformer.blocks.4.att_proj": {"0.01": 0.00011859153892146423, "0.02": 0.00023454830807168037, "0.05": 0.0005868778680451214, "0.1": 0.001175781711935997, "0.25": 0.0030207987874746323, "0.5": 0.0066157495602965355, "0.75": 0.011800694279372692, "0.99": 0.02938389964401722}, "model.transformer.blocks.4.ff_proj": {"0.01": 0.00012375786900520325, "0.02": 0.0002488927566446364, "0.05": 0.0006192040746100247, "0.1": 0.0012471525697037578, "0.25": 0.0031660376116633415, "0.5": 0.006700003053992987, "0.75": 0.011461721733212471, "0.99": 0.026227226480841637}, "model.transformer.blocks.5.attn_out": {"0.01": 0.0001456521131331101, "0.02": 0.00029054476181045175, "0.05": 0.0007287312764674425, "0.1": 0.0014558348339051008, "0.25": 0.0036945112515240908, "0.5": 0.007830442860722542, "0.75": 0.013387875631451607, "0.99": 0.030798694118857384}, "model.transformer.blocks.5.ff_out": {"0.01": 0.0001350829261355102, "0.02": 0.00027081393636763096, "0.05": 0.0006792077329009771, "0.1": 0.001358640380203724, "0.25": 0.0034421649761497974, "0.5": 0.0072950031608343124, "0.75": 0.01243780367076397, "0.99": 0.028012579306960106}, "model.transformer.blocks.5.att_proj": {"0.01": 0.00012304818665143102, "0.02": 0.0002454055065754801, "0.05": 0.0006138283060863614, "0.1": 0.0012340060202404857, "0.25": 0.003181306179612875, "0.5": 0.006963652558624744, "0.75": 0.012540491297841072, "0.99": 0.033954646438360214}, "model.transformer.blocks.5.ff_proj": {"0.01": 0.000125632926938124, "0.02": 0.00025185703998431563, "0.05": 0.0006248070276342332, "0.1": 0.0012553809210658073, "0.25": 0.0031802149023860693, "0.5": 0.00674468744546175, "0.75": 0.01152519416064024, "0.99": 0.026065189391374588}, "model.transformer.blocks.6.attn_out": {"0.01": 0.0001221876300405711, "0.02": 0.00024639483308419585, "0.05": 0.0006149496184661984, "0.1": 0.001234673080034554, "0.25": 0.003137176390737295, "0.5": 0.006636245176196098, "0.75": 0.011339576914906502, "0.99": 0.025789523497223854}, "model.transformer.blocks.6.ff_out": {"0.01": 0.0001382818736601621, "0.02": 0.00027483602752909064, "0.05": 0.0006902655586600304, "0.1": 0.0013820891035720706, "0.25": 0.0035005281679332256, "0.5": 0.00739408191293478, "0.75": 0.012612206861376762, "0.99": 0.028381863608956337}, "model.transformer.blocks.6.att_proj": {"0.01": 7.462583016604185e-05, "0.02": 0.00015052873641252518, "0.05": 0.00037435503327287734, "0.1": 0.0007519974606111646, "0.25": 0.0019526677206158638, "0.5": 0.004481925629079342, "0.75": 0.008757886476814747,