{"thresholds": {"1e-10": 9, "5e-10": 35, "1e-09": 68, "5e-09": 378, "1e-08": 738, "5e-08": 3747, "1e-07": 7390, "5e-07": 37308, "1e-06": 74643, "5e-06": 374535, "1e-05": 750012, "0.0001": 7509846, "0.0005": 37521994, "0.001": 74948321, "0.005": 360223848, "0.01": 650783979, "0.05": 1073481736, "0.1": 1073740728, "0.5": 1073741822, "1": 1073741824}, "approx_quantiles": {"model.transformer.blocks.0.attn_out": {"0.01": 0.00010904732334893197, "0.02": 0.00021764561824966222, "0.05": 0.0005468692979775369, "0.1": 0.001098628737963736, "0.25": 0.0027854263316839933, "0.5": 0.005915717221796513, "0.75": 0.010155530646443367, "0.99": 0.023766374215483665}, "model.transformer.blocks.0.ff_out": {"0.01": 0.00011951552733080462, "0.02": 0.00023671255621593446, "0.05": 0.0005875886417925358, "0.1": 0.0011792243458330631, "0.25": 0.002986411564052105, "0.5": 0.006328943185508251, "0.75": 0.010817626491189003, "0.99": 0.024670470505952835}, "model.transformer.blocks.0.att_proj": {"0.01": 0.00014466533320955932, "0.02": 0.0002878998639062047, "0.05": 0.0007199282990768552, "0.1": 0.0014426769921556115, "0.25": 0.003659343346953392, "0.5": 0.007767427712678909, "0.75": 0.013331473805010319, "0.99": 0.031442299485206604}, "model.transformer.blocks.0.ff_proj": {"0.01": 0.0001423340436303988, "0.02": 0.0002849792072083801, "0.05": 0.0007126664859242737, "0.1": 0.0014268356608226895, "0.25": 0.003623565658926964, "0.5": 0.007653021719306707, "0.75": 0.013055641204118729, "0.99": 0.02893388830125332}, "model.transformer.blocks.1.attn_out": {"0.01": 0.00012234726455062628, "0.02": 0.0002445711870677769, "0.05": 0.0006074621924199164, "0.1": 0.0012149619869887829, "0.25": 0.003086646320298314, "0.5": 0.006561135873198509, "0.75": 0.011313270777463913, "0.99": 0.02744954265654087}, "model.transformer.blocks.1.ff_out": {"0.01": 0.00012573522690217942, "0.02": 0.0002509677433408797, "0.05": 0.0006297774380072951, "0.1": 0.001260625198483467, "0.25": 0.0032019512727856636, "0.5": 0.006778724491596222, "0.75": 0.01157769188284874, "0.99": 0.02623196691274643}, "model.transformer.blocks.1.att_proj": {"0.01": 0.00014713694690726697, "0.02": 0.0002975296520162374, "0.05": 0.0007447169627994299, "0.1": 0.0014932627091184258, "0.25": 0.003771599382162094, "0.5": 0.007998226210474968, "0.75": 0.01370038092136383, "0.99": 0.031839173287153244}, "model.transformer.blocks.1.ff_proj": {"0.01": 0.00015256195911206305, "0.02": 0.00030539752333424985, "0.05": 0.0007658414542675018, "0.1": 0.0015339337987825274, "0.25": 0.003885215148329735, "0.5": 0.008221684955060482, "0.75": 0.014024412259459496, "0.99": 0.031329523772001266}, "model.transformer.blocks.2.attn_out": {"0.01": 0.00013643284910358489, "0.02": 0.00027089458308182657, "0.05": 0.0006801868439652026, "0.1": 0.001369974808767438, "0.25": 0.0034688380546867847, "0.5": 0.0073531074449419975, "0.75": 0.012617407366633415, "0.99": 0.029288962483406067}, "model.transformer.blocks.2.ff_out": {"0.01": 0.00012568573583848774, "0.02": 0.00025176454801112413, "0.05": 0.0006286909920163453, "0.1": 0.0012634043814614415, "0.25": 0.003206037450581789, "0.5": 0.006796243600547314, "0.75": 0.011595183052122593, "0.99": 0.026048658415675163}, "model.transformer.blocks.2.att_proj": {"0.01": 0.00016251463966909796, "0.02": 0.00032467080745846033, "0.05": 0.0008102466817945242, "0.1": 0.0016257410170510411, "0.25": 0.004122978076338768, "0.5": 0.008784904144704342, "0.75": 0.01525635365396738, "0.99": 0.03859641030430794}, "model.transformer.blocks.2.ff_proj": {"0.01": 0.00015489493671339005, "0.02": 0.0003104118804913014, "0.05": 0.0007638633251190186, "0.1": 0.0015204286901280284, "0.25": 0.003843576181679964, "0.5": 0.008137721568346024, "0.75": 0.013901669532060623, "0.99": 0.030943812802433968}, "model.transformer.blocks.3.attn_out": {"0.01": 0.00013082452642265707, "0.02": 0.0002629441150929779, "0.05": 0.000659511482808739, "0.1": 0.0013183021219447255, "0.25": 0.0033565345220267773, "0.5": 0.007144663017243147, "0.75": 0.01238340139389038, "0.99": 0.03026709146797657}, "model.transformer.blocks.3.ff_out": {"0.01": 0.0001287313352804631, "0.02": 0.0002580477448645979, "0.05": 0.0006480820011347532, "0.1": 0.0012952296528965235, "0.25": 0.0032797236926853657, "0.5": 0.006936181802302599, "0.75": 0.011821676976978779, "0.99": 0.026568621397018433}, "model.transformer.blocks.3.att_proj": {"0.01": 0.000155540561536327, "0.02": 0.00031134882010519505, "0.05": 0.0007776286220178008, "0.1": 0.00156966014765203, "0.25": 0.003986918833106756, "0.5": 0.008467354811728, "0.75": 0.014630012214183807, "0.99": 0.035652436316013336}, "model.transformer.blocks.3.ff_proj": {"0.01": 0.00014780547644477338, "0.02": 0.0002961063291877508, "0.05": 0.0007392413681373, "0.1": 0.0014832447050139308, "0.25": 0.003767226357012987, "0.5": 0.007978223264217377, "0.75": 0.013617193326354027, "0.99": 0.03032131865620613}, "model.transformer.blocks.4.attn_out": {"0.01": 0.00010077498882310465, "0.02": 0.00020133782527409494, "0.05": 0.0005044678109697998, "0.1": 0.0010103974491357803, "0.25": 0.002557845786213875, "0.5": 0.005421926267445087, "0.75": 0.009334288537502289, "0.99": 0.022472931072115898}, "model.transformer.blocks.4.ff_out": {"0.01": 0.00013040422345511615, "0.02": 0.00026145277661271393, "0.05": 0.000655032810755074, "0.1": 0.0013083743397146463, "0.25": 0.0033166445791721344, "0.5": 0.007025496102869511, "0.75": 0.011981253512203693, "0.99": 0.026981711387634277}, "model.transformer.blocks.4.att_proj": {"0.01": 0.0001417436433257535, "0.02": 0.0002871823962777853, "0.05": 0.0007131888414733112, "0.1": 0.0014256567228585482, "0.25": 0.0036114449612796307, "0.5": 0.0076509686186909676, "0.75": 0.013080347329378128, "0.99": 0.02937435917556286}, "model.transformer.blocks.4.ff_proj": {"0.01": 0.00015236543549690396, "0.02": 0.0003063644398935139, "0.05": 0.0007614580681547523, "0.1": 0.0015292760217562318, "0.25": 0.0038729370571672916, "0.5": 0.008202899247407913, "0.75": 0.014005251228809357, "0.99": 0.03112245351076126}, "model.transformer.blocks.5.attn_out": {"0.01": 0.000100134544481989, "0.02": 0.00020059446978848428, "0.05": 0.0005089826881885529, "0.1": 0.0010174061171710491, "0.25": 0.0025978200137615204, "0.5": 0.005603279918432236, "0.75": 0.010010262951254845, "0.99": 0.029678110033273697}, "model.transformer.blocks.5.ff_out": {"0.01": 0.00013333908282220364, "0.02": 0.00026829144917428493, "0.05": 0.0006700903177261353, "0.1": 0.0013425606302917004, "0.25": 0.003417747560888529, "0.5": 0.007243313826620579, "0.75": 0.012339936569333076, "0.99": 0.027716591954231262}, "model.transformer.blocks.5.att_proj": {"0.01": 0.0001463520311517641, "0.02": 0.00029410957358777523, "0.05": 0.000725090503692627, "0.1": 0.0014588192570954561, "0.25": 0.0036973804235458374, "0.5": 0.007862349040806293, "0.75": 0.013570153154432774, "0.99": 0.033203478902578354}, "model.transformer.blocks.5.ff_proj": {"0.01": 0.00015613736468367279, "0.02": 0.00031262694392353296, "0.05": 0.0007736542029306293, "0.1": 0.001554615329951048, "0.25": 0.003940272610634565, "0.5": 0.00834813341498375, "0.75": 0.014234420843422413, "0.99": 0.03156966716051102}, "model.transformer.blocks.6.attn_out": {"0.01": 5.290019907988608e-05, "0.02": 0.00010545302939135581, "0.05": 0.0002643536718096584, "0.1": 0.0005309028783813119, "0.25": 0.0013463336508721113, "0.5": 0.002864604350179434, "0.75": 0.004922108259052038, "0.99": 0.0118247140198946}, "model.transformer.blocks.6.ff_out": {"0.01": 0.00013645658327732235, "0.02": 0.0002725331869442016, "0.05": 0.0006835255189798772, "0.1": 0.0013675256632268429, "0.25": 0.0034744248259812593, "0.5": 0.007362387143075466, "0.75": 0.012538572773337364, "0.99": 0.028120458126068115}, "model.transformer.blocks.6.att_proj": {"0.01": 0.0001286731567233801, "0.02": 0.0002588631759863347, "0.05": 0.0006459330907091498, "0.1": 0.0012960773892700672, "0.25": 0.0032816813327372074, "0.5": 0.006940897554159164, "0.75": 0.01183048915117979,