{"thresholds": {"1e-10": 7, "5e-10": 35, "1e-09": 74, "5e-09": 392, "1e-08": 779, "5e-08": 4044, "1e-07": 8071, "5e-07": 40652, "1e-06": 81392, "5e-06": 406219, "1e-05": 812900, "0.0001": 8123392, "0.0005": 40584362, "0.001": 81064300, "0.005": 388402889, "0.01": 692428648, "0.05": 1073532326, "0.1": 1073739195, "0.5": 1073741806, "1": 1073741824}, "approx_quantiles": {"model.transformer.blocks.0.attn_out": {"0.01": 0.00010715228563640267, "0.02": 0.00021676045435015112, "0.05": 0.0005473992205224931, "0.1": 0.0010966494446620345, "0.25": 0.0027707465924322605, "0.5": 0.005881423130631447, "0.75": 0.010095423087477684, "0.99": 0.023464426398277283}, "model.transformer.blocks.0.ff_out": {"0.01": 0.00012193752627354115, "0.02": 0.00024124624906107783, "0.05": 0.0006067807553336024, "0.1": 0.0012105776695534587, "0.25": 0.0030726399272680283, "0.5": 0.006530946120619774, "0.75": 0.01114650722593069, "0.99": 0.02532344125211239}, "model.transformer.blocks.0.att_proj": {"0.01": 0.00012760594836436212, "0.02": 0.0002539713168516755, "0.05": 0.0006369983311742544, "0.1": 0.0012754248455166817, "0.25": 0.0032268522772938013, "0.5": 0.006849127355962992, "0.75": 0.01178484596312046, "0.99": 0.028189927339553833}, "model.transformer.blocks.0.ff_proj": {"0.01": 0.00011531283234944567, "0.02": 0.00023172619694378227, "0.05": 0.0005804358515888453, "0.1": 0.001162604778073728, "0.25": 0.002949184738099575, "0.5": 0.006246444769203663, "0.75": 0.010662442073225975, "0.99": 0.023934509605169296}, "model.transformer.blocks.1.attn_out": {"0.01": 0.00012053413956891745, "0.02": 0.00024097341520246118, "0.05": 0.000600395433139056, "0.1": 0.0011975278612226248, "0.25": 0.003041592426598072, "0.5": 0.0064503103494644165, "0.75": 0.011139528825879097, "0.99": 0.02683272212743759}, "model.transformer.blocks.1.ff_out": {"0.01": 0.0001277720439247787, "0.02": 0.00025755574461072683, "0.05": 0.0006422089063562453, "0.1": 0.0012925175251439214, "0.25": 0.0032846976537257433, "0.5": 0.006946444511413574, "0.75": 0.011864163912832737, "0.99": 0.026773085817694664}, "model.transformer.blocks.1.att_proj": {"0.01": 0.00012722799147013575, "0.02": 0.00025239610113203526, "0.05": 0.0006295880302786827, "0.1": 0.00126778450794518, "0.25": 0.0032112719491124153, "0.5": 0.0068442560732364655, "0.75": 0.011837998405098915, "0.99": 0.029765842482447624}, "model.transformer.blocks.1.ff_proj": {"0.01": 0.00013384377234615386, "0.02": 0.0002673387643881142, "0.05": 0.0006670408183708787, "0.1": 0.0013316714903339744, "0.25": 0.003371813800185919, "0.5": 0.007147499360144138, "0.75": 0.012204580008983612, "0.99": 0.02766638807952404}, "model.transformer.blocks.2.attn_out": {"0.01": 0.00013712797954212874, "0.02": 0.0002713930734898895, "0.05": 0.0006810720078647137, "0.1": 0.0013667272869497538, "0.25": 0.0034634622279554605, "0.5": 0.007336140610277653, "0.75": 0.012547986581921577, "0.99": 0.028763674199581146}, "model.transformer.blocks.2.ff_out": {"0.01": 0.00012995816359762102, "0.02": 0.00026078138034790754, "0.05": 0.0006418338743969798, "0.1": 0.001291648717597127, "0.25": 0.003284970298409462, "0.5": 0.006946432404220104, "0.75": 0.011856179684400558, "0.99": 0.026733962818980217}, "model.transformer.blocks.2.att_proj": {"0.01": 0.00014139867562334985, "0.02": 0.0002827172284014523, "0.05": 0.0007078102207742631, "0.1": 0.001425315858796239, "0.25": 0.0036390044260770082, "0.5": 0.007815016433596611, "0.75": 0.01382030826061964, "0.99": 0.037697356194257736}, "model.transformer.blocks.2.ff_proj": {"0.01": 0.00013390989624895155, "0.02": 0.00026695142150856555, "0.05": 0.0006679456564597785, "0.1": 0.0013398489682003856, "0.25": 0.0034095142036676407, "0.5": 0.007215965073555708, "0.75": 0.012313684448599815, "0.99": 0.027819553390145302}, "model.transformer.blocks.3.attn_out": {"0.01": 0.00013441940245684236, "0.02": 0.00026882599922828376, "0.05": 0.0006773785571567714, "0.1": 0.0013637376250699162, "0.25": 0.0034566489048302174, "0.5": 0.007337255869060755, "0.75": 0.012598441913723946, "0.99": 0.02958596497774124}, "model.transformer.blocks.3.ff_out": {"0.01": 0.00013180648966226727, "0.02": 0.00026349525433033705, "0.05": 0.0006583762587979436, "0.1": 0.001329223159700632, "0.25": 0.0033632854465395212, "0.5": 0.00713519798591733, "0.75": 0.012178129516541958, "0.99": 0.027451833710074425}, "model.transformer.blocks.3.att_proj": {"0.01": 0.00013982319796923548, "0.02": 0.00027797743678092957, "0.05": 0.0006934306584298611, "0.1": 0.0013866148656234145, "0.25": 0.0035218303091824055, "0.5": 0.0075378986075520515, "0.75": 0.013148208148777485, "0.99": 0.03448249027132988}, "model.transformer.blocks.3.ff_proj": {"0.01": 0.00013208086602389812, "0.02": 0.00025912350974977016, "0.05": 0.0006474396213889122, "0.1": 0.001307878876104951, "0.25": 0.0033155304845422506, "0.5": 0.007026628125458956, "0.75": 0.012011769227683544, "0.99": 0.02700626291334629}, "model.transformer.blocks.4.attn_out": {"0.01": 0.00011345028906362131, "0.02": 0.00022667211305815727, "0.05": 0.000569035008084029, "0.1": 0.0011462996480986476, "0.25": 0.0029086382128298283, "0.5": 0.006159316748380661, "0.75": 0.010588562116026878, "0.99": 0.024731291458010674}, "model.transformer.blocks.4.ff_out": {"0.01": 0.00013182756083551794, "0.02": 0.00026718396111391485, "0.05": 0.0006686990382149816, "0.1": 0.0013390732929110527, "0.25": 0.0033854451030492783, "0.5": 0.007166184484958649, "0.75": 0.012265433557331562, "0.99": 0.027535203844308853}, "model.transformer.blocks.4.att_proj": {"0.01": 0.00011945416918024421, "0.02": 0.00023991313355509192, "0.05": 0.0006003499147482216, "0.1": 0.0012008282355964184, "0.25": 0.003044485580176115, "0.5": 0.006484944373369217, "0.75": 0.011214395985007286, "0.99": 0.026842288672924042}, "model.transformer.blocks.4.ff_proj": {"0.01": 0.00013261268031783402, "0.02": 0.00026730517856776714, "0.05": 0.0006697676726616919, "0.1": 0.0013502778019756079, "0.25": 0.00342570710927248, "0.5": 0.007260099984705448, "0.75": 0.01237703487277031, "0.99": 0.027762755751609802}, "model.transformer.blocks.5.attn_out": {"0.01": 0.0001169237366411835, "0.02": 0.0002355510659981519, "0.05": 0.0005891051259823143, "0.1": 0.001177217229269445, "0.25": 0.002999695250764489, "0.5": 0.006431924179196358, "0.75": 0.011229762807488441, "0.99": 0.029451273381710052}, "model.transformer.blocks.5.ff_out": {"0.01": 0.0001372622064081952, "0.02": 0.0002739395131357014, "0.05": 0.0006852690712548792, "0.1": 0.0013788520591333508, "0.25": 0.0035063959658145905, "0.5": 0.007417018990963697, "0.75": 0.01265618298202753, "0.99": 0.02837252989411354}, "model.transformer.blocks.5.att_proj": {"0.01": 0.00012285322009120136, "0.02": 0.0002445528225507587, "0.05": 0.0006077325087971985, "0.1": 0.0012196936877444386, "0.25": 0.0031123128719627857, "0.5": 0.006654208060353994, "0.75": 0.011692489497363567, "0.99": 0.03233753517270088}, "model.transformer.blocks.5.ff_proj": {"0.01": 0.00013899389887228608, "0.02": 0.0002745883830357343, "0.05": 0.0006866355543024838, "0.1": 0.0013725608587265015, "0.25": 0.0034835305996239185, "0.5": 0.007383722811937332, "0.75": 0.012597952038049698, "0.99": 0.028120683506131172}, "model.transformer.blocks.6.attn_out": {"0.01": 6.628024857491255e-05, "0.02": 0.00013262148422654718, "0.05": 0.000328330002957955, "0.1": 0.0006563563365489244, "0.25": 0.0016617663204669952, "0.5": 0.0035427450202405453, "0.75": 0.006163901183754206, "0.99": 0.016215994954109192}, "model.transformer.blocks.6.ff_out": {"0.01": 0.00014290331455413252, "0.02": 0.00028520540217868984, "0.05": 0.00070580979809165, "0.1": 0.0014096582308411598, "0.25": 0.0035721310414373875, "0.5": 0.007545631844550371, "0.75": 0.01287517137825489, "0.99": 0.028835026547312737}, "model.transformer.blocks.6.att_proj": {"0.01": 9.539793973090127e-05, "0.02": 0.0001887450198410079, "0.05": 0.0004739794530905783, "0.1": 0.0009545173961669207, "0.25": 0.0024177960585802794, "0.5": 0.005128390155732632, "0.75": 0.008758568204939365,