{"thresholds": {"1e-10": 8, "5e-10": 35, "1e-09": 70, "5e-09": 388, "1e-08": 862, "5e-08": 4355, "1e-07": 8820, "5e-07": 43930, "1e-06": 88402, "5e-06": 442955, "1e-05": 885093, "0.0001": 8852836, "0.0005": 44238722, "0.001": 88320869, "0.005": 420463786, "0.01": 738335616, "0.05": 1073559116, "0.1": 1073734940, "0.5": 1073741790, "1": 1073741823}, "approx_quantiles": {"model.transformer.blocks.0.attn_out": {"0.01": 9.976511501008645e-05, "0.02": 0.0001995415223063901, "0.05": 0.0005017181392759085, "0.1": 0.001002260483801365, "0.25": 0.0025538343470543623, "0.5": 0.0054452926851809025, "0.75": 0.009437095373868942, "0.99": 0.0221457127481699}, "model.transformer.blocks.0.ff_out": {"0.01": 0.00012135164433857426, "0.02": 0.00024182377092074603, "0.05": 0.0006116062868386507, "0.1": 0.0012273442698642612, "0.25": 0.003113187849521637, "0.5": 0.00658449437469244, "0.75": 0.011265692301094532, "0.99": 0.025563877075910568}, "model.transformer.blocks.0.att_proj": {"0.01": 0.00011286869266768917, "0.02": 0.000225050316657871, "0.05": 0.0005609015352092683, "0.1": 0.0011256561847403646, "0.25": 0.0028852650430053473, "0.5": 0.006212226115167141, "0.75": 0.010936664417386055, "0.99": 0.029122252017259598}, "model.transformer.blocks.0.ff_proj": {"0.01": 0.00011165779869770631, "0.02": 0.0002229414094472304, "0.05": 0.0005525942542590201, "0.1": 0.0011055576615035534, "0.25": 0.002803815994411707, "0.5": 0.005944754462689161, "0.75": 0.010154828429222107, "0.99": 0.023037979379296303}, "model.transformer.blocks.1.attn_out": {"0.01": 9.916534327203408e-05, "0.02": 0.0001978308573598042, "0.05": 0.0004928674316033721, "0.1": 0.0009861772414296865, "0.25": 0.0024912285152822733, "0.5": 0.0053259157575666904, "0.75": 0.009284231811761856, "0.99": 0.02329065091907978}, "model.transformer.blocks.1.ff_out": {"0.01": 0.00012186845560790971, "0.02": 0.00023969852190930396, "0.05": 0.0005998275591991842, "0.1": 0.001202528364956379, "0.25": 0.0030579455196857452, "0.5": 0.006473983637988567, "0.75": 0.011063719168305397, "0.99": 0.02511138655245304}, "model.transformer.blocks.1.att_proj": {"0.01": 0.00010408597881905735, "0.02": 0.00020619589486159384, "0.05": 0.0005125440657138824, "0.1": 0.0010263475123792887, "0.25": 0.0026271119713783264, "0.5": 0.00575775932520628, "0.75": 0.010400371626019478, "0.99": 0.030225006863474846}, "model.transformer.blocks.1.ff_proj": {"0.01": 0.00011593256931519136, "0.02": 0.00023269075609277934, "0.05": 0.0005846110871061683, "0.1": 0.0011737607419490814, "0.25": 0.0029793635476380587, "0.5": 0.006319292820990086, "0.75": 0.010786529630422592, "0.99": 0.02449609339237213}, "model.transformer.blocks.2.attn_out": {"0.01": 0.00011900930985575542, "0.02": 0.00023625879839528352, "0.05": 0.0005960043054074049, "0.1": 0.0011935037327930331, "0.25": 0.003029840998351574, "0.5": 0.006423832383006811, "0.75": 0.011048288084566593, "0.99": 0.02574554644525051}, "model.transformer.blocks.2.ff_out": {"0.01": 0.00011908403394045308, "0.02": 0.0002381205267738551, "0.05": 0.000592143158428371, "0.1": 0.0011854919139295816, "0.25": 0.00300517026335001, "0.5": 0.006362901069223881, "0.75": 0.010886228643357754, "0.99": 0.02482220157980919}, "model.transformer.blocks.2.att_proj": {"0.01": 0.00011713768617482856, "0.02": 0.00023597670951858163, "0.05": 0.0005920722614973783, "0.1": 0.0011877869255840778, "0.25": 0.003063440788537264, "0.5": 0.006726942956447601, "0.75": 0.012150369584560394, "0.99": 0.034246016293764114}, "model.transformer.blocks.2.ff_proj": {"0.01": 0.000116780873213429, "0.02": 0.00023634628450963646, "0.05": 0.0005853616748936474, "0.1": 0.0011709242826327682, "0.25": 0.002970627509057522, "0.5": 0.006300266832113266, "0.75": 0.010799137875437737, "0.99": 0.024689925834536552}, "model.transformer.blocks.3.attn_out": {"0.01": 0.00012785715807694942, "0.02": 0.00025328417541459203, "0.05": 0.0006305238348431885, "0.1": 0.0012661064974963665, "0.25": 0.0031990478746593, "0.5": 0.00681133009493351, "0.75": 0.011693352833390236, "0.99": 0.02687426656484604}, "model.transformer.blocks.3.ff_out": {"0.01": 0.00011928704770980403, "0.02": 0.00023688252258580178, "0.05": 0.0005938473041169345, "0.1": 0.001198490965180099, "0.25": 0.003039106260985136, "0.5": 0.006439989432692528, "0.75": 0.011018558405339718, "0.99": 0.02528197132050991}, "model.transformer.blocks.3.att_proj": {"0.01": 0.00012383369903545827, "0.02": 0.00024512261734344065, "0.05": 0.0006109012756496668, "0.1": 0.0012340768007561564, "0.25": 0.0031585926190018654, "0.5": 0.006853269413113594, "0.75": 0.01213834062218666, "0.99": 0.032890576869249344}, "model.transformer.blocks.3.ff_proj": {"0.01": 0.00011781933426391333, "0.02": 0.00023202146985568106, "0.05": 0.0005699148750863969, "0.1": 0.0011418928625062108, "0.25": 0.0028836361598223448, "0.5": 0.006111656315624714, "0.75": 0.010453926399350166, "0.99": 0.024336177855730057}, "model.transformer.blocks.4.attn_out": {"0.01": 0.00012609685654751956, "0.02": 0.0002535827225074172, "0.05": 0.0006312259356491268, "0.1": 0.0012610326521098614, "0.25": 0.003182327840477228, "0.5": 0.006743982899934053, "0.75": 0.011509322561323643, "0.99": 0.026177048683166504}, "model.transformer.blocks.4.ff_out": {"0.01": 0.00011912069021491334, "0.02": 0.0002369947760598734, "0.05": 0.0005910233594477177, "0.1": 0.00118623161688447, "0.25": 0.0030082089360803366, "0.5": 0.00637848861515522, "0.75": 0.01087421365082264, "0.99": 0.024676010012626648}, "model.transformer.blocks.4.att_proj": {"0.01": 0.00012254182365722954, "0.02": 0.00024287695123348385, "0.05": 0.0006109932437539101, "0.1": 0.00121795991435647, "0.25": 0.0031050178222358227, "0.5": 0.006718112621456385, "0.75": 0.01180124469101429, "0.99": 0.029630957171320915}, "model.transformer.blocks.4.ff_proj": {"0.01": 0.00011470561003079638, "0.02": 0.00022836681455373764, "0.05": 0.0005691762780770659, "0.1": 0.0011386475525796413, "0.25": 0.0028875020798295736, "0.5": 0.006133393384516239, "0.75": 0.010486635379493237, "0.99": 0.02428801730275154}, "model.transformer.blocks.5.attn_out": {"0.01": 0.00013765943003818393, "0.02": 0.0002703628852032125, "0.05": 0.000670958892442286, "0.1": 0.0013454511063173413, "0.25": 0.0034191650338470936, "0.5": 0.0072478544898331165, "0.75": 0.012387321330606937, "0.99": 0.02808830887079239}, "model.transformer.blocks.5.ff_out": {"0.01": 0.00012146279914304614, "0.02": 0.00024239880440291017, "0.05": 0.0006088168593123555, "0.1": 0.0012196279130876064, "0.25": 0.0031008473597466946, "0.5": 0.006573749706149101, "0.75": 0.011224533431231976, "0.99": 0.02536572702229023}, "model.transformer.blocks.5.att_proj": {"0.01": 0.00012457479897420853, "0.02": 0.0002504188159946352, "0.05": 0.0006284353439696133, "0.1": 0.0012624656083062291, "0.25": 0.0032113848719745874, "0.5": 0.006963497959077358, "0.75": 0.012406626716256142, "0.99": 0.03348487615585327}, "model.transformer.blocks.5.ff_proj": {"0.01": 0.0001140794120146893, "0.02": 0.0002272683777846396, "0.05": 0.0005668193334713578, "0.1": 0.0011330944253131747, "0.25": 0.002887198468670249, "0.5": 0.00611136294901371, "0.75": 0.010458065196871758, "0.99": 0.02374175935983658}, "model.transformer.blocks.6.attn_out": {"0.01": 0.0001229653717018664, "0.02": 0.0002473490312695503, "0.05": 0.0006173164583742619, "0.1": 0.0012326783034950495, "0.25": 0.003137952648103237, "0.5": 0.006642380263656378, "0.75": 0.01136116310954094, "0.99": 0.02570752054452896}, "model.transformer.blocks.6.ff_out": {"0.01": 0.0001227608445333317, "0.02": 0.0002480775583535433, "0.05": 0.0006186235696077347, "0.1": 0.0012413269141688943, "0.25": 0.003143803682178259, "0.5": 0.006660914048552513, "0.75": 0.011366094462573528, "0.99": 0.025628341361880302}, "model.transformer.blocks.6.att_proj": {"0.01": 9.957577276509255e-05, "0.02": 0.0001992405450437218, "0.05": 0.0004992213216610253, "0.1": 0.0010106239933520555, "0.25": 0.002602662891149521, "0.5": 0.00573335774242878, "0.75": 0.010492797940969467,