{"thresholds": {"1e-10": 8, "5e-10": 44, "1e-09": 82, "5e-09": 417, "1e-08": 838, "5e-08": 4196, "1e-07": 8286, "5e-07": 41870, "1e-06": 83941, "5e-06": 422168, "1e-05": 845326, "0.0001": 8464881, "0.0005": 42290897, "0.001": 84438977, "0.005": 402362589, "0.01": 708769365, "0.05": 1073530441, "0.1": 1073737773, "0.5": 1073741805, "1": 1073741819}, "approx_quantiles": {"model.transformer.blocks.0.attn_out": {"0.01": 0.00010742153244791552, "0.02": 0.00021790423488710076, "0.05": 0.0005437094951048493, "0.1": 0.0010928945848718286, "0.25": 0.0027670185081660748, "0.5": 0.005878233350813389, "0.75": 0.01007862389087677, "0.99": 0.023323478177189827}, "model.transformer.blocks.0.ff_out": {"0.01": 0.00012202258221805096, "0.02": 0.00024630757980048656, "0.05": 0.0006152669666334987, "0.1": 0.001236157724633813, "0.25": 0.0031324918381869793, "0.5": 0.006652642507106066, "0.75": 0.011352394707500935, "0.99": 0.02582535147666931}, "model.transformer.blocks.0.att_proj": {"0.01": 0.00012032462836941704, "0.02": 0.00023924822744447738, "0.05": 0.0005971267237327993, "0.1": 0.001197061617858708, "0.25": 0.0030460525304079056, "0.5": 0.006488160230219364, "0.75": 0.011196216568350792, "0.99": 0.02711297757923603}, "model.transformer.blocks.0.ff_proj": {"0.01": 0.00010470630513736978, "0.02": 0.0002110209607053548, "0.05": 0.0005269641405902803, "0.1": 0.0010535747278481722, "0.25": 0.0026891508605331182, "0.5": 0.005700680427253246, "0.75": 0.00972310733050108, "0.99": 0.021991606801748276}, "model.transformer.blocks.1.attn_out": {"0.01": 0.00011519240797497332, "0.02": 0.00023141597921494395, "0.05": 0.0005840181256644428, "0.1": 0.001173232914879918, "0.25": 0.002987383399158716, "0.5": 0.006354944780468941, "0.75": 0.01096576638519764, "0.99": 0.026430537924170494}, "model.transformer.blocks.1.ff_out": {"0.01": 0.0001285899488721043, "0.02": 0.00026087023434229195, "0.05": 0.0006504986668005586, "0.1": 0.0013019343605265021, "0.25": 0.0033130748197436333, "0.5": 0.007014240138232708, "0.75": 0.01197005994617939, "0.99": 0.02706143632531166}, "model.transformer.blocks.1.att_proj": {"0.01": 0.00011506018199725077, "0.02": 0.00023015670012682676, "0.05": 0.000575069454498589, "0.1": 0.001158732920885086, "0.25": 0.0029544206336140633, "0.5": 0.006311178207397461, "0.75": 0.011067529208958149, "0.99": 0.02951565943658352}, "model.transformer.blocks.1.ff_proj": {"0.01": 0.0001251410722034052, "0.02": 0.00025215247296728194, "0.05": 0.0006308394367806613, "0.1": 0.0012622299836948514, "0.25": 0.003210275201126933, "0.5": 0.006791749037802219, "0.75": 0.011607636697590351, "0.99": 0.026374442502856255}, "model.transformer.blocks.2.attn_out": {"0.01": 0.00013643104466609657, "0.02": 0.0002723649377003312, "0.05": 0.0006801376584917307, "0.1": 0.0013602067483589053, "0.25": 0.0034575331956148148, "0.5": 0.007329870015382767, "0.75": 0.012546006590127945, "0.99": 0.02875532954931259}, "model.transformer.blocks.2.ff_out": {"0.01": 0.00012640381464734674, "0.02": 0.0002565294271335006, "0.05": 0.0006451836670748889, "0.1": 0.0012973927659913898, "0.25": 0.0032960190437734127, "0.5": 0.006985899526625872, "0.75": 0.011915897019207478, "0.99": 0.0269414484500885}, "model.transformer.blocks.2.att_proj": {"0.01": 0.00013251823838800192, "0.02": 0.0002676555304788053, "0.05": 0.0006690736045129597, "0.1": 0.0013430194230750203, "0.25": 0.0034324796870350838, "0.5": 0.007437301799654961, "0.75": 0.013311533257365227, "0.99": 0.03754202648997307}, "model.transformer.blocks.2.ff_proj": {"0.01": 0.00012908192002214491, "0.02": 0.00025670541799627244, "0.05": 0.0006423275917768478, "0.1": 0.0012896970147266984, "0.25": 0.0032654902897775173, "0.5": 0.006923132576048374, "0.75": 0.011835814453661442, "0.99": 0.02684214897453785}, "model.transformer.blocks.3.attn_out": {"0.01": 0.00013781810412183404, "0.02": 0.00027610527467913926, "0.05": 0.0006903889589011669, "0.1": 0.0013834077399224043, "0.25": 0.003501096973195672, "0.5": 0.007424644194543362, "0.75": 0.01273992657661438, "0.99": 0.02947636879980564}, "model.transformer.blocks.3.ff_out": {"0.01": 0.0001348769583273679, "0.02": 0.0002678317832760513, "0.05": 0.0006640782812610269, "0.1": 0.0013281885767355561, "0.25": 0.0033844197168946266, "0.5": 0.007161891087889671, "0.75": 0.012231184169650078, "0.99": 0.027557333931326866}, "model.transformer.blocks.3.att_proj": {"0.01": 0.0001323557662544772, "0.02": 0.00026433030143380165, "0.05": 0.0006535283173434436, "0.1": 0.0013101985678076744, "0.25": 0.0033394242636859417, "0.5": 0.0071841049939394, "0.75": 0.012704767286777496, "0.99": 0.03427296504378319}, "model.transformer.blocks.3.ff_proj": {"0.01": 0.00012484694889280945, "0.02": 0.0002486252342350781, "0.05": 0.0006249485304579139, "0.1": 0.0012521439930424094, "0.25": 0.003179162507876754, "0.5": 0.006726611405611038, "0.75": 0.011482608504593372, "0.99": 0.026083609089255333}, "model.transformer.blocks.4.attn_out": {"0.01": 0.00012414260709192604, "0.02": 0.00024490413488820195, "0.05": 0.0006147802923806012, "0.1": 0.0012333461781963706, "0.25": 0.0031188514549285173, "0.5": 0.006621348671615124, "0.75": 0.011352534405887127, "0.99": 0.026093896478414536}, "model.transformer.blocks.4.ff_out": {"0.01": 0.00013079631025902927, "0.02": 0.0002648477675393224, "0.05": 0.0006654821336269379, "0.1": 0.0013361683813855052, "0.25": 0.0033908584155142307, "0.5": 0.007177714258432388, "0.75": 0.012239214032888412, "0.99": 0.027538709342479706}, "model.transformer.blocks.4.att_proj": {"0.01": 0.00011190319492015988, "0.02": 0.00022407800133805722, "0.05": 0.0005594592075794935, "0.1": 0.0011158237466588616, "0.25": 0.0028327659238129854, "0.5": 0.006097860634326935, "0.75": 0.010738136246800423, "0.99": 0.026851456612348557}, "model.transformer.blocks.4.ff_proj": {"0.01": 0.00012852564395871013, "0.02": 0.00025602016830816865, "0.05": 0.0006411754875443876, "0.1": 0.0012874844251200557, "0.25": 0.0032607968896627426, "0.5": 0.006900130771100521, "0.75": 0.011789613403379917, "0.99": 0.026676494628190994}, "model.transformer.blocks.5.attn_out": {"0.01": 0.00012569845421239734, "0.02": 0.0002557680127210915, "0.05": 0.000636526383459568, "0.1": 0.001274513895623386, "0.25": 0.003254217328503728, "0.5": 0.0069402121007442474, "0.75": 0.012019212357699871, "0.99": 0.029469316825270653}, "model.transformer.blocks.5.ff_out": {"0.01": 0.00013754080282524228, "0.02": 0.0002747405378613621, "0.05": 0.0006860049907118082, "0.1": 0.001373784733004868, "0.25": 0.0034955195151269436, "0.5": 0.007416324689984322, "0.75": 0.012661602348089218, "0.99": 0.028383539989590645}, "model.transformer.blocks.5.att_proj": {"0.01": 0.00011320364137645811, "0.02": 0.00022600538795813918, "0.05": 0.0005658624577336013, "0.1": 0.0011379470815882087, "0.25": 0.0028873374685645103, "0.5": 0.006255568470805883, "0.75": 0.011199334636330605, "0.99": 0.032418522983789444}, "model.transformer.blocks.5.ff_proj": {"0.01": 0.0001309110375586897, "0.02": 0.00026379546034149826, "0.05": 0.0006546009099110961, "0.1": 0.0013121593510732055, "0.25": 0.0033134850673377514, "0.5": 0.007023305166512728, "0.75": 0.011987263336777687, "0.99": 0.026908129453659058}, "model.transformer.blocks.6.attn_out": {"0.01": 8.185052865883335e-05, "0.02": 0.00016479333862662315, "0.05": 0.00041204874287359416, "0.1": 0.0008182104793377221, "0.25": 0.0020774188451468945, "0.5": 0.004432487301528454, "0.75": 0.007705631200224161, "0.99": 0.019354762509465218}, "model.transformer.blocks.6.ff_out": {"0.01": 0.00014092987112235278, "0.02": 0.0002791999722830951, "0.05": 0.0006986733060330153, "0.1": 0.0014036265201866627, "0.25": 0.003565403399989009, "0.5": 0.007541695609688759, "0.75": 0.012863939628005028, "0.99": 0.028850411996245384}, "model.transformer.blocks.6.att_proj": {"0.01": 7.798979640938342e-05, "0.02": 0.00015557013102807105, "0.05": 0.00039008911699056625, "0.1": 0.0007845868240110576, "0.25": 0.001995513215661049, "0.5": 0.004266971256583929, "0.75": 0.00745026720687747,