{"thresholds": {"1e-10": 10, "5e-10": 41, "1e-09": 90, "5e-09": 451, "1e-08": 917, "5e-08": 4585, "1e-07": 9295, "5e-07": 45934, "1e-06": 91859, "5e-06": 460681, "1e-05": 921653, "0.0001": 9224905, "0.0005": 46090911, "0.001": 92007428, "0.005": 436656653, "0.01": 759846168, "0.05": 1073580333, "0.1": 1073735546, "0.5": 1073741794, "1": 1073741823}, "approx_quantiles": {"model.transformer.blocks.0.attn_out": {"0.01": 9.463421883992851e-05, "0.02": 0.000189956248505041, "0.05": 0.00047257254482246935, "0.1": 0.0009480785229243338, "0.25": 0.0024160488974303007, "0.5": 0.0051564909517765045, "0.75": 0.008928602561354637, "0.99": 0.021031642332673073}, "model.transformer.blocks.0.ff_out": {"0.01": 0.00011751365673262626, "0.02": 0.00023504308774136007, "0.05": 0.0005873729824088514, "0.1": 0.0011750988196581602, "0.25": 0.0029791956767439842, "0.5": 0.006302173249423504, "0.75": 0.010775174014270306, "0.99": 0.024451421573758125}, "model.transformer.blocks.0.att_proj": {"0.01": 0.00011074736539740115, "0.02": 0.00022096789325587451, "0.05": 0.0005520648555830121, "0.1": 0.0011037428630515933, "0.25": 0.002806390170007944, "0.5": 0.00604064017534256, "0.75": 0.010698879137635231, "0.99": 0.028886957094073296}, "model.transformer.blocks.0.ff_proj": {"0.01": 0.00010793226101668552, "0.02": 0.0002141728182323277, "0.05": 0.0005365152610465884, "0.1": 0.0010777602437883615, "0.25": 0.002727997023612261, "0.5": 0.005775835365056992, "0.75": 0.009848715737462044, "0.99": 0.022375205531716347}, "model.transformer.blocks.1.attn_out": {"0.01": 9.18744844966568e-05, "0.02": 0.0001841279590735212, "0.05": 0.00045950591447763145, "0.1": 0.0009244863758794963, "0.25": 0.002353806048631668, "0.5": 0.005034592468291521, "0.75": 0.008777929469943047, "0.99": 0.021918825805187225}, "model.transformer.blocks.1.ff_out": {"0.01": 0.00011449438170529902, "0.02": 0.00022955499298404902, "0.05": 0.0005746227689087391, "0.1": 0.0011484232963994145, "0.25": 0.0029222192242741585, "0.5": 0.006186077371239662, "0.75": 0.010575537569820881, "0.99": 0.023886745795607567}, "model.transformer.blocks.1.att_proj": {"0.01": 9.780217806110159e-05, "0.02": 0.00019605163834057748, "0.05": 0.000492762541398406, "0.1": 0.0009897451382130384, "0.25": 0.002542204689234495, "0.5": 0.005587787367403507, "0.75": 0.010134607553482056, "0.99": 0.029686424881219864}, "model.transformer.blocks.1.ff_proj": {"0.01": 0.0001123199617723003, "0.02": 0.00022330248611979187, "0.05": 0.0005619048606604338, "0.1": 0.001125101582147181, "0.25": 0.0028623337857425213, "0.5": 0.006064360961318016, "0.75": 0.010378459468483925, "0.99": 0.023575659841299057}, "model.transformer.blocks.2.attn_out": {"0.01": 0.00011173188249813393, "0.02": 0.00022393735707737505, "0.05": 0.0005648001679219306, "0.1": 0.0011301112826913595, "0.25": 0.0028643598780035973, "0.5": 0.00608028843998909, "0.75": 0.010461602360010147, "0.99": 0.024471914395689964}, "model.transformer.blocks.2.ff_out": {"0.01": 0.00011337908654240891, "0.02": 0.0002279262844240293, "0.05": 0.0005702046910300851, "0.1": 0.0011421992676332593, "0.25": 0.0028824072796851397, "0.5": 0.006094132550060749, "0.75": 0.010408719070255756, "0.99": 0.02368069998919964}, "model.transformer.blocks.2.att_proj": {"0.01": 0.00011342049401719123, "0.02": 0.00022827867360319942, "0.05": 0.0005714779836125672, "0.1": 0.0011516360100358725, "0.25": 0.002964699175208807, "0.5": 0.006519666872918606, "0.75": 0.011791074648499489, "0.99": 0.03360440582036972}, "model.transformer.blocks.2.ff_proj": {"0.01": 0.00011159769201185554, "0.02": 0.0002215345302829519, "0.05": 0.0005578672862611711, "0.1": 0.0011205989867448807, "0.25": 0.0028490338008850813, "0.5": 0.00605044886469841, "0.75": 0.010353564284741879, "0.99": 0.02382276952266693}, "model.transformer.blocks.3.attn_out": {"0.01": 0.00011892717884620652, "0.02": 0.0002372521994402632, "0.05": 0.000595320772845298, "0.1": 0.0011972197098657489, "0.25": 0.003040269948542118, "0.5": 0.006454033777117729, "0.75": 0.011066046543419361, "0.99": 0.02554026059806347}, "model.transformer.blocks.3.ff_out": {"0.01": 0.00011389112478354946, "0.02": 0.00022872122644912452, "0.05": 0.000571811047848314, "0.1": 0.0011453760089352727, "0.25": 0.002902841893956065, "0.5": 0.006140554323792458, "0.75": 0.010513545013964176, "0.99": 0.02403598465025425}, "model.transformer.blocks.3.att_proj": {"0.01": 0.00011865961278090253, "0.02": 0.00023813990992493927, "0.05": 0.0005991920479573309, "0.1": 0.0012029451318085194, "0.25": 0.003076795022934675, "0.5": 0.006655333563685417, "0.75": 0.011793842539191246, "0.99": 0.032151468098163605}, "model.transformer.blocks.3.ff_proj": {"0.01": 0.00010822357580764219, "0.02": 0.00021736620692536235, "0.05": 0.0005397778586484492, "0.1": 0.001087954849936068, "0.25": 0.0027540114242583513, "0.5": 0.005839196033775806, "0.75": 0.010021687485277653, "0.99": 0.02345203049480915}, "model.transformer.blocks.4.attn_out": {"0.01": 0.00011907368752872571, "0.02": 0.00023601145949214697, "0.05": 0.0005900532123632729, "0.1": 0.0011830079602077603, "0.25": 0.0030175179708749056, "0.5": 0.006392881274223328, "0.75": 0.010908287949860096, "0.99": 0.024848200380802155}, "model.transformer.blocks.4.ff_out": {"0.01": 0.00011478469241410494, "0.02": 0.00022654204803984612, "0.05": 0.0005630289088003337, "0.1": 0.0011314976727589965, "0.25": 0.002875183243304491, "0.5": 0.0060825957916677, "0.75": 0.010383380576968193, "0.99": 0.023532729595899582}, "model.transformer.blocks.4.att_proj": {"0.01": 0.00011912935588043183, "0.02": 0.00023852306185290217, "0.05": 0.0005931116756983101, "0.1": 0.0011949879117310047, "0.25": 0.0030400780960917473, "0.5": 0.006553094834089279, "0.75": 0.011501443572342396, "0.99": 0.029061583802103996}, "model.transformer.blocks.4.ff_proj": {"0.01": 0.00010884209768846631, "0.02": 0.00021812092745676637, "0.05": 0.0005434226477518678, "0.1": 0.0010893441503867507, "0.25": 0.002761252922937274, "0.5": 0.005856852047145367, "0.75": 0.010043354704976082, "0.99": 0.023218141868710518}, "model.transformer.blocks.5.attn_out": {"0.01": 0.00012769951717928052, "0.02": 0.00025501559139229357, "0.05": 0.0006373986252583563, "0.1": 0.0012788139283657074, "0.25": 0.0032379822805523872, "0.5": 0.006857053376734257, "0.75": 0.011710315942764282, "0.99": 0.026626726612448692}, "model.transformer.blocks.5.ff_out": {"0.01": 0.00011725381045835093, "0.02": 0.00023337361926678568, "0.05": 0.0005840243538841605, "0.1": 0.0011696519795805216, "0.25": 0.0029632870573550463, "0.5": 0.00626743258908391, "0.75": 0.010703088715672493, "0.99": 0.02414870820939541}, "model.transformer.blocks.5.att_proj": {"0.01": 0.00012222726945765316, "0.02": 0.00024464126909151673, "0.05": 0.0006125241634435952, "0.1": 0.0012242040829733014, "0.25": 0.0031325453892350197, "0.5": 0.0067808059975504875, "0.75": 0.012051676400005817, "0.99": 0.032857462763786316}, "model.transformer.blocks.5.ff_proj": {"0.01": 0.00010782916797325015, "0.02": 0.00021395570365712047, "0.05": 0.0005404222756624222, "0.1": 0.0010832685511559248, "0.25": 0.0027595991268754005, "0.5": 0.005838022567331791, "0.75": 0.009994717314839363, "0.99": 0.022762460634112358}, "model.transformer.blocks.6.attn_out": {"0.01": 0.00011632598034339026, "0.02": 0.0002342146763112396, "0.05": 0.0005873531335964799, "0.1": 0.001178741455078125, "0.25": 0.0029887158889323473, "0.5": 0.006321309134364128, "0.75": 0.01080199982970953, "0.99": 0.024502703920006752}, "model.transformer.blocks.6.ff_out": {"0.01": 0.00012008097110083327, "0.02": 0.00023836726904846728, "0.05": 0.0005917008384130895, "0.1": 0.0011831606971099973, "0.25": 0.003002599347382784, "0.5": 0.006345692090690136, "0.75": 0.010825264267623425, "0.99": 0.024352407082915306}, "model.transformer.blocks.6.att_proj": {"0.01": 0.0001012511711451225, "0.02": 0.0002015640347963199, "0.05": 0.0005039122188463807, "0.1": 0.001017618109472096, "0.25": 0.002591906115412712, "0.5": 0.005675944499671459, "0.75": 0.01031486690044403,