{"thresholds": {"1e-10": 11, "5e-10": 46, "1e-09": 97, "5e-09": 495, "1e-08": 1010, "5e-08": 5096, "1e-07": 10320, "5e-07": 51643, "1e-06": 103871, "5e-06": 519477, "1e-05": 1040466, "0.0001": 10397203, "0.0005": 51956699, "0.001": 103665824, "0.005": 486257443, "0.01": 820413649, "0.05": 1073619878, "0.1": 1073737270, "0.5": 1073741806, "1": 1073741823}, "approx_quantiles": {"model.transformer.blocks.0.attn_out": {"0.01": 8.44803435029462e-05, "0.02": 0.00016891604172997177, "0.05": 0.00042340983054600656, "0.1": 0.0008483437704853714, "0.25": 0.0021594613790512085, "0.5": 0.004594805650413036, "0.75": 0.007945596240460873, "0.99": 0.01863793656229973}, "model.transformer.blocks.0.ff_out": {"0.01": 0.00010568372090347111, "0.02": 0.00021159676543902606, "0.05": 0.0005300249322317541, "0.1": 0.0010663982247933745, "0.25": 0.002693675458431244, "0.5": 0.0057061584666371346, "0.75": 0.009739989414811134, "0.99": 0.02208721451461315}, "model.transformer.blocks.0.att_proj": {"0.01": 0.00010273019142914563, "0.02": 0.00020557857351377606, "0.05": 0.0005167057970538735, "0.1": 0.0010364638874307275, "0.25": 0.00264540477655828, "0.5": 0.005716468673199415, "0.75": 0.010143599472939968, "0.99": 0.02823304384946823}, "model.transformer.blocks.0.ff_proj": {"0.01": 0.0001005368831101805, "0.02": 0.00020009357831440866, "0.05": 0.000501417787745595, "0.1": 0.0010102521628141403, "0.25": 0.002550550037994981, "0.5": 0.005394701845943928, "0.75": 0.009201974608004093, "0.99": 0.020898612216114998}, "model.transformer.blocks.1.attn_out": {"0.01": 7.987675780896097e-05, "0.02": 0.0001600498508196324, "0.05": 0.00039899733383208513, "0.1": 0.0008005026029422879, "0.25": 0.0020344736985862255, "0.5": 0.004347516223788261, "0.75": 0.007568464148789644, "0.99": 0.018885595723986626}, "model.transformer.blocks.1.ff_out": {"0.01": 0.00010235448280582204, "0.02": 0.00020423895330168307, "0.05": 0.0005105190211907029, "0.1": 0.0010271169012412429, "0.25": 0.002606607973575592, "0.5": 0.005517071112990379, "0.75": 0.009403867647051811, "0.99": 0.021394945681095123}, "model.transformer.blocks.1.att_proj": {"0.01": 9.090339881367981e-05, "0.02": 0.0001819369790609926, "0.05": 0.00045540626160800457, "0.1": 0.0009113145060837269, "0.25": 0.0023480113595724106, "0.5": 0.005156609229743481, "0.75": 0.009440163150429726, "0.99": 0.02860819362103939}, "model.transformer.blocks.1.ff_proj": {"0.01": 0.00010154084156965837, "0.02": 0.0002026560832746327, "0.05": 0.0005053072818554938, "0.1": 0.0010134088806807995, "0.25": 0.002576354658231139, "0.5": 0.005464866757392883, "0.75": 0.009346997365355492, "0.99": 0.021347377449274063}, "model.transformer.blocks.2.attn_out": {"0.01": 9.589546971255913e-05, "0.02": 0.000191868472029455, "0.05": 0.00048048977623693645, "0.1": 0.0009654542081989348, "0.25": 0.0024512927047908306, "0.5": 0.005219470709562302, "0.75": 0.008981104008853436, "0.99": 0.021051986142992973}, "model.transformer.blocks.2.ff_out": {"0.01": 9.85501246759668e-05, "0.02": 0.0001980102388188243, "0.05": 0.0004966941196471453, "0.1": 0.000998072326183319, "0.25": 0.002530958503484726, "0.5": 0.005361936986446381, "0.75": 0.009163831360638142, "0.99": 0.020798223093152046}, "model.transformer.blocks.2.att_proj": {"0.01": 0.00010364229819970205, "0.02": 0.00020811612193938345, "0.05": 0.0005233739502727985, "0.1": 0.0010560736991465092, "0.25": 0.002727096900343895, "0.5": 0.006001746281981468, "0.75": 0.01091092824935913, "0.99": 0.03202536329627037}, "model.transformer.blocks.2.ff_proj": {"0.01": 9.991138358600438e-05, "0.02": 0.00020105874864384532, "0.05": 0.0005018447991460562, "0.1": 0.0010053243022412062, "0.25": 0.002547833602875471, "0.5": 0.005415899679064751, "0.75": 0.00926264375448227, "0.99": 0.02128303423523903}, "model.transformer.blocks.3.attn_out": {"0.01": 0.00010046900570159778, "0.02": 0.00020351354032754898, "0.05": 0.000514041690621525, "0.1": 0.0010288441553711891, "0.25": 0.0026070764288306236, "0.5": 0.005527477711439133, "0.75": 0.009476953186094761, "0.99": 0.021915143355727196}, "model.transformer.blocks.3.ff_out": {"0.01": 0.00010011316044256091, "0.02": 0.00020034139743074775, "0.05": 0.0004974958137609065, "0.1": 0.0009996837470680475, "0.25": 0.002534741535782814, "0.5": 0.00536813959479332, "0.75": 0.00917159765958786, "0.99": 0.0208866186439991}, "model.transformer.blocks.3.att_proj": {"0.01": 0.00011129055201308802, "0.02": 0.00022210903989616781, "0.05": 0.0005554501549340785, "0.1": 0.0011093216016888618, "0.25": 0.002832515863701701, "0.5": 0.006127888336777687, "0.75": 0.010893775150179863, "0.99": 0.030697863548994064}, "model.transformer.blocks.3.ff_proj": {"0.01": 9.67907762969844e-05, "0.02": 0.00019274046644568443, "0.05": 0.00048616353888064623, "0.1": 0.0009695408516563475, "0.25": 0.0024519178550690413, "0.5": 0.005202139727771282, "0.75": 0.008915111422538757, "0.99": 0.021019190549850464}, "model.transformer.blocks.4.attn_out": {"0.01": 0.00010072943405248225, "0.02": 0.00020459419465623796, "0.05": 0.0005071858176961541, "0.1": 0.0010205113794654608, "0.25": 0.0025929310359060764, "0.5": 0.005483640357851982, "0.75": 0.009375962428748608, "0.99": 0.02136247232556343}, "model.transformer.blocks.4.ff_out": {"0.01": 9.754460188560188e-05, "0.02": 0.00019571930170059204, "0.05": 0.0004897769540548325, "0.1": 0.000982418772764504, "0.25": 0.0024986143689602613, "0.5": 0.00530227879062295, "0.75": 0.00904601626098156, "0.99": 0.020493824034929276}, "model.transformer.blocks.4.att_proj": {"0.01": 0.00011060319957323372, "0.02": 0.00021907762857154012, "0.05": 0.0005508237518370152, "0.1": 0.0011042982805520296, "0.25": 0.00281551294028759, "0.5": 0.006060280371457338, "0.75": 0.010669385083019733, "0.99": 0.02763371355831623}, "model.transformer.blocks.4.ff_proj": {"0.01": 9.672891610534862e-05, "0.02": 0.00019348450587131083, "0.05": 0.00048024868010543287, "0.1": 0.0009629466221667826, "0.25": 0.002443205565214157, "0.5": 0.005174668505787849, "0.75": 0.00886449683457613, "0.99": 0.020675817504525185}, "model.transformer.blocks.5.attn_out": {"0.01": 0.00010702421423047781, "0.02": 0.00021473229571711272, "0.05": 0.0005358770140446723, "0.1": 0.0010681350249797106, "0.25": 0.0027277693152427673, "0.5": 0.005789760500192642, "0.75": 0.009898361749947071, "0.99": 0.022590966895222664}, "model.transformer.blocks.5.ff_out": {"0.01": 0.00010029483382822946, "0.02": 0.00020092134946025908, "0.05": 0.0004985042614862323, "0.1": 0.0010022810893133283, "0.25": 0.0025572231970727444, "0.5": 0.005423828028142452, "0.75": 0.009266387671232224, "0.99": 0.020871149376034737}, "model.transformer.blocks.5.att_proj": {"0.01": 0.00011368870036676526, "0.02": 0.00022560956131201237, "0.05": 0.0005653892876580358, "0.1": 0.0011338850017637014, "0.25": 0.0028917123563587666, "0.5": 0.00624295137822628, "0.75": 0.011106806807219982, "0.99": 0.03145892918109894}, "model.transformer.blocks.5.ff_proj": {"0.01": 9.480013250140473e-05, "0.02": 0.00018947389617096633, "0.05": 0.0004728123021777719, "0.1": 0.000953121401835233, "0.25": 0.0024194642901420593, "0.5": 0.005130660254508257, "0.75": 0.008776460774242878, "0.99": 0.02011929452419281}, "model.transformer.blocks.6.attn_out": {"0.01": 9.988521196646616e-05, "0.02": 0.00020149094052612782, "0.05": 0.0005004388513043523, "0.1": 0.0010059216292575002, "0.25": 0.0025486317463219166, "0.5": 0.005396354012191296, "0.75": 0.009228924289345741, "0.99": 0.020878611132502556}, "model.transformer.blocks.6.ff_out": {"0.01": 0.00010035952436737716, "0.02": 0.00020165267051197588, "0.05": 0.0005053278291597962, "0.1": 0.0010167097207158804, "0.25": 0.0025865277275443077, "0.5": 0.0054826498962938786, "0.75": 0.009363865479826927, "0.99": 0.021048644557595253}, "model.transformer.blocks.6.att_proj": {"0.01": 9.557353041600436e-05, "0.02": 0.0001910891878651455, "0.05": 0.00047876746975816786, "0.1": 0.0009554803255014122, "0.25": 0.0024522861931473017, "0.5": 0.005322293844074011, "0.75": 0.009582644328474998,