{"thresholds": {"1e-10": 14, "5e-10": 55, "1e-09": 105, "5e-09": 515, "1e-08": 993, "5e-08": 4981, "1e-07": 9856, "5e-07": 49881, "1e-06": 99973, "5e-06": 498655, "1e-05": 997614, "0.0001": 9955421, "0.0005": 49737097, "0.001": 99254669, "0.005": 467723056, "0.01": 798716516, "0.05": 1073607738, "0.1": 1073736682, "0.5": 1073741804, "1": 1073741823}, "approx_quantiles": {"model.transformer.blocks.0.attn_out": {"0.01": 8.82846798049286e-05, "0.02": 0.0001772899559000507, "0.05": 0.0004381406179163605, "0.1": 0.0008773551089689136, "0.25": 0.0022395732812583447, "0.5": 0.004775982350111008, "0.75": 0.008257610723376274, "0.99": 0.019411876797676086}, "model.transformer.blocks.0.ff_out": {"0.01": 0.00010789860971271992, "0.02": 0.00021562281472142786, "0.05": 0.0005471978220157325, "0.1": 0.001094242325052619, "0.25": 0.0027807659935206175, "0.5": 0.005900360643863678, "0.75": 0.010081893764436245, "0.99": 0.022808998823165894}, "model.transformer.blocks.0.att_proj": {"0.01": 0.00010493997251614928, "0.02": 0.0002105600869981572, "0.05": 0.0005265334621071815, "0.1": 0.0010601602261886, "0.25": 0.0027062704320997, "0.5": 0.005819124169647694, "0.75": 0.010314159095287323, "0.99": 0.02849109284579754}, "model.transformer.blocks.0.ff_proj": {"0.01": 0.00010140425729332492, "0.02": 0.00020225468324497342, "0.05": 0.0005080520058982074, "0.1": 0.0010232485365122557, "0.25": 0.0026056517381221056, "0.5": 0.0055076200515031815, "0.75": 0.009412592276930809, "0.99": 0.021443963050842285}, "model.transformer.blocks.1.attn_out": {"0.01": 8.48699637572281e-05, "0.02": 0.0001699642452877015, "0.05": 0.00042343983659520745, "0.1": 0.0008454593480564654, "0.25": 0.0021437464747577906, "0.5": 0.004576020874083042, "0.75": 0.007976709865033627, "0.99": 0.01992078684270382}, "model.transformer.blocks.1.ff_out": {"0.01": 0.00010874253348447382, "0.02": 0.00021450032363645732, "0.05": 0.000536000938154757, "0.1": 0.0010719990823417902, "0.25": 0.002713879570364952, "0.5": 0.005745496600866318, "0.75": 0.009808513335883617, "0.99": 0.02220790460705757}, "model.transformer.blocks.1.att_proj": {"0.01": 9.257851343136281e-05, "0.02": 0.00018558597366791219, "0.05": 0.0004658247053157538, "0.1": 0.0009364496218040586, "0.25": 0.0024001230485737324, "0.5": 0.005288387648761272, "0.75": 0.0096503347158432, "0.99": 0.02902059815824032}, "model.transformer.blocks.1.ff_proj": {"0.01": 0.00010540667426539585, "0.02": 0.0002102842554450035, "0.05": 0.0005267574451863766, "0.1": 0.0010536722838878632, "0.25": 0.0026753502897918224, "0.5": 0.005669663660228252, "0.75": 0.009695635177195072, "0.99": 0.022073060274124146}, "model.transformer.blocks.2.attn_out": {"0.01": 0.00010196882067248225, "0.02": 0.0002035307843470946, "0.05": 0.0005121106514707208, "0.1": 0.001026212703436613, "0.25": 0.002599898958578706, "0.5": 0.005511521361768246, "0.75": 0.009488953277468681, "0.99": 0.022212130948901176}, "model.transformer.blocks.2.ff_out": {"0.01": 0.00010353338439017534, "0.02": 0.00020738040620926768, "0.05": 0.0005191682139411569, "0.1": 0.0010444634826853871, "0.25": 0.0026507521979510784, "0.5": 0.005621030461043119, "0.75": 0.009602619335055351, "0.99": 0.021800542250275612}, "model.transformer.blocks.2.att_proj": {"0.01": 0.00010895427840296179, "0.02": 0.0002181909221690148, "0.05": 0.0005445436108857393, "0.1": 0.0010921257780864835, "0.25": 0.0028073338326066732, "0.5": 0.006175433285534382, "0.75": 0.011196860112249851, "0.99": 0.032509226351976395}, "model.transformer.blocks.2.ff_proj": {"0.01": 0.00010471243876963854, "0.02": 0.00020884978584945202, "0.05": 0.0005226462963037193, "0.1": 0.0010483168298378587, "0.25": 0.0026507561560720205, "0.5": 0.005621057003736496, "0.75": 0.00962283369153738, "0.99": 0.02217377908527851}, "model.transformer.blocks.3.attn_out": {"0.01": 0.00010779803415061906, "0.02": 0.0002164394682040438, "0.05": 0.0005431033787317574, "0.1": 0.001088651129975915, "0.25": 0.0027622580528259277, "0.5": 0.005848616361618042, "0.75": 0.010031143203377724, "0.99": 0.023151420056819916}, "model.transformer.blocks.3.ff_out": {"0.01": 0.00010398193262517452, "0.02": 0.0002084731386275962, "0.05": 0.000522644491866231, "0.1": 0.0010479234624654055, "0.25": 0.002653730334714055, "0.5": 0.00562463141977787, "0.75": 0.00962250865995884, "0.99": 0.021980132907629013}, "model.transformer.blocks.3.att_proj": {"0.01": 0.0001141327666118741, "0.02": 0.00022948419791646302, "0.05": 0.0005715521983802319, "0.1": 0.0011424670228734612, "0.25": 0.0029159646946936846, "0.5": 0.006320010870695114, "0.75": 0.011197645217180252, "0.99": 0.031210467219352722}, "model.transformer.blocks.3.ff_proj": {"0.01": 0.00010046863462775946, "0.02": 0.0002013952034758404, "0.05": 0.0005049310275353491, "0.1": 0.0010103457607328892, "0.25": 0.0025653850752860308, "0.5": 0.005429409444332123, "0.75": 0.009315190836787224, "0.99": 0.02185373194515705}, "model.transformer.blocks.4.attn_out": {"0.01": 0.00010744846804300323, "0.02": 0.00021519444999285042, "0.05": 0.000534895749296993, "0.1": 0.0010748031781986356, "0.25": 0.002734062261879444, "0.5": 0.005794723052531481, "0.75": 0.009919874370098114, "0.99": 0.02260570228099823}, "model.transformer.blocks.4.ff_out": {"0.01": 0.0001026676400215365, "0.02": 0.00020648282952606678, "0.05": 0.0005175926489755511, "0.1": 0.0010372534161433578, "0.25": 0.002629245165735483, "0.5": 0.005566474050283432, "0.75": 0.009510258212685585, "0.99": 0.021572602912783623}, "model.transformer.blocks.4.att_proj": {"0.01": 0.0001139899977715686, "0.02": 0.0002261066110804677, "0.05": 0.000564568443223834, "0.1": 0.0011387167032808065, "0.25": 0.0029036193154752254, "0.5": 0.006234957370907068, "0.75": 0.010955190286040306, "0.99": 0.028080549091100693}, "model.transformer.blocks.4.ff_proj": {"0.01": 9.9642486020457e-05, "0.02": 0.00019949597481172532, "0.05": 0.0004983404651284218, "0.1": 0.0010015678126364946, "0.25": 0.002547063399106264, "0.5": 0.005404068157076836, "0.75": 0.009250491857528687, "0.99": 0.021502435207366943}, "model.transformer.blocks.5.attn_out": {"0.01": 0.00011358602932887152, "0.02": 0.00022747699404135346, "0.05": 0.0005733293364755809, "0.1": 0.0011431147577241063, "0.25": 0.002907826565206051, "0.5": 0.006158975884318352, "0.75": 0.010531623847782612, "0.99": 0.023969193920493126}, "model.transformer.blocks.5.ff_out": {"0.01": 0.0001052759907906875, "0.02": 0.0002122043661074713, "0.05": 0.0005293311551213264, "0.1": 0.0010603450937196612, "0.25": 0.002697056159377098, "0.5": 0.005715518724173307, "0.75": 0.009765664115548134, "0.99": 0.022014876827597618}, "model.transformer.blocks.5.att_proj": {"0.01": 0.00011526794696692377, "0.02": 0.0002311943972017616, "0.05": 0.0005806289846077561, "0.1": 0.0011648329673334956, "0.25": 0.0029654474928975105, "0.5": 0.006426391191780567, "0.75": 0.011439187452197075, "0.99": 0.03203897923231125}, "model.transformer.blocks.5.ff_proj": {"0.01": 9.989684622269124e-05, "0.02": 0.0001992493198486045, "0.05": 0.0004967526765540242, "0.1": 0.0010024737566709518, "0.25": 0.002544583985581994, "0.5": 0.0053807031363248825, "0.75": 0.009204977191984653, "0.99": 0.02107042632997036}, "model.transformer.blocks.6.attn_out": {"0.01": 0.00010566182027105242, "0.02": 0.0002124231104971841, "0.05": 0.0005298308678902686, "0.1": 0.0010653516510501504, "0.25": 0.0026979292742908, "0.5": 0.005713926628232002, "0.75": 0.009771030396223068, "0.99": 0.022126704454421997}, "model.transformer.blocks.6.ff_out": {"0.01": 0.00010583637049421668, "0.02": 0.00021345415734685957, "0.05": 0.0005372294108383358, "0.1": 0.0010793906403705478, "0.25": 0.002736559836193919, "0.5": 0.005799250677227974, "0.75": 0.009882613085210323, "0.99": 0.02223513275384903}, "model.transformer.blocks.6.att_proj": {"0.01": 9.705193224363029e-05, "0.02": 0.0001946621632669121, "0.05": 0.00048814958427101374, "0.1": 0.0009752827463671565, "0.25": 0.0025049950927495956, "0.5": 0.0054611703380942345, "0.75": 0.00985958892852068,