{"thresholds": {"1e-10": 10, "5e-10": 42, "1e-09": 90, "5e-09": 445, "1e-08": 845, "5e-08": 4262, "1e-07": 8627, "5e-07": 42975, "1e-06": 86324, "5e-06": 430845, "1e-05": 862208, "0.0001": 8624856, "0.0005": 43085408, "0.001": 86006280, "0.005": 406780634, "0.01": 711732620, "0.05": 1073523905, "0.1": 1073737011, "0.5": 1073741801, "1": 1073741818}, "approx_quantiles": {"model.transformer.blocks.0.attn_out": {"0.01": 0.00010942655353574082, "0.02": 0.00021933195239398628, "0.05": 0.0005482605192810297, "0.1": 0.0011011002352461219, "0.25": 0.0027958499267697334, "0.5": 0.005951473955065012, "0.75": 0.010204114019870758, "0.99": 0.023555299267172813}, "model.transformer.blocks.0.ff_out": {"0.01": 0.0001263549638679251, "0.02": 0.0002526852476876229, "0.05": 0.0006312615587376058, "0.1": 0.0012622536160051823, "0.25": 0.0032048486173152924, "0.5": 0.006774156354367733, "0.75": 0.011573448777198792, "0.99": 0.026255972683429718}, "model.transformer.blocks.0.att_proj": {"0.01": 0.00011841105879284441, "0.02": 0.00023536250228062272, "0.05": 0.0005906820297241211, "0.1": 0.0011867985595017672, "0.25": 0.002996595110744238, "0.5": 0.006377534009516239, "0.75": 0.01105046272277832, "0.99": 0.026952112093567848}, "model.transformer.blocks.0.ff_proj": {"0.01": 0.00010477932664798573, "0.02": 0.00021005910821259022, "0.05": 0.0005224421038292348, "0.1": 0.001045880257152021, "0.25": 0.002647347981110215, "0.5": 0.005617608316242695, "0.75": 0.009582895785570145, "0.99": 0.02170650102198124}, "model.transformer.blocks.1.attn_out": {"0.01": 0.00011668803927022964, "0.02": 0.00023471326858270913, "0.05": 0.000583221553824842, "0.1": 0.0011657520662993193, "0.25": 0.002959570148959756, "0.5": 0.006300111301243305, "0.75": 0.010883882641792297, "0.99": 0.02621416375041008}, "model.transformer.blocks.1.ff_out": {"0.01": 0.0001287583145312965, "0.02": 0.00026152972714044154, "0.05": 0.0006540304166264832, "0.1": 0.0013132307212799788, "0.25": 0.003325594123452902, "0.5": 0.00705370306968689, "0.75": 0.012029915116727352, "0.99": 0.02716052532196045}, "model.transformer.blocks.1.att_proj": {"0.01": 0.00011070150503655896, "0.02": 0.00022183379041962326, "0.05": 0.0005529146292246878, "0.1": 0.0011157008120790124, "0.25": 0.0028476209845393896, "0.5": 0.006141014397144318, "0.75": 0.01086742989718914, "0.99": 0.029867783188819885}, "model.transformer.blocks.1.ff_proj": {"0.01": 0.00012616302410606295, "0.02": 0.0002505671582184732, "0.05": 0.0006240204093046486, "0.1": 0.001249703229404986, "0.25": 0.0031750991474837065, "0.5": 0.0067190974950790405, "0.75": 0.01146291196346283, "0.99": 0.02604682371020317}, "model.transformer.blocks.2.attn_out": {"0.01": 0.00013775848492514342, "0.02": 0.0002747084363363683, "0.05": 0.0006840202840976417, "0.1": 0.0013726302422583103, "0.25": 0.003471276257187128, "0.5": 0.00735049694776535, "0.75": 0.01254216954112053, "0.99": 0.02871805988252163}, "model.transformer.blocks.2.ff_out": {"0.01": 0.00013058831973467022, "0.02": 0.000262614426901564, "0.05": 0.0006507262587547302, "0.1": 0.0013008123496547341, "0.25": 0.003296656534075737, "0.5": 0.0069839805364608765, "0.75": 0.011936185881495476, "0.99": 0.026954233646392822}, "model.transformer.blocks.2.att_proj": {"0.01": 0.00012996634177397937, "0.02": 0.00026108810561709106, "0.05": 0.0006538374582305551, "0.1": 0.0013092836597934365, "0.25": 0.0033458599355071783, "0.5": 0.007313162088394165, "0.75": 0.01315909344702959, "0.99": 0.03726344183087349}, "model.transformer.blocks.2.ff_proj": {"0.01": 0.00012888711353298277, "0.02": 0.00025717474636621773, "0.05": 0.0006413903902284801, "0.1": 0.0012788233580067754, "0.25": 0.003231785260140896, "0.5": 0.00685111153870821, "0.75": 0.011716900393366814, "0.99": 0.026620203629136086}, "model.transformer.blocks.3.attn_out": {"0.01": 0.00013843292254023254, "0.02": 0.0002769827260635793, "0.05": 0.0006936664576642215, "0.1": 0.001393562532030046, "0.25": 0.0035387868992984295, "0.5": 0.00751115009188652, "0.75": 0.01285204105079174, "0.99": 0.029500257223844528}, "model.transformer.blocks.3.ff_out": {"0.01": 0.0001311359228566289, "0.02": 0.00026360442279838026, "0.05": 0.0006618776824325323, "0.1": 0.0013304774183779955, "0.25": 0.0033815489150583744, "0.5": 0.007166801951825619, "0.75": 0.012231577187776566, "0.99": 0.027542049065232277}, "model.transformer.blocks.3.att_proj": {"0.01": 0.00012703801621682942, "0.02": 0.0002558743581175804, "0.05": 0.0006437327829189599, "0.1": 0.001287187566049397, "0.25": 0.003290734253823757, "0.5": 0.007099439390003681, "0.75": 0.01264604739844799, "0.99": 0.03434990718960762}, "model.transformer.blocks.3.ff_proj": {"0.01": 0.00012328193406574428, "0.02": 0.00024575533461757004, "0.05": 0.0006118352175690234, "0.1": 0.0012356227962300181, "0.25": 0.003131947945803404, "0.5": 0.006634276360273361, "0.75": 0.011329645290970802, "0.99": 0.025827910751104355}, "model.transformer.blocks.4.attn_out": {"0.01": 0.00012939238513354212, "0.02": 0.0002561603905633092, "0.05": 0.0006359500694088638, "0.1": 0.0012804468860849738, "0.25": 0.003248472698032856, "0.5": 0.006887228228151798, "0.75": 0.011786887422204018, "0.99": 0.026982305571436882}, "model.transformer.blocks.4.ff_out": {"0.01": 0.00013223462156020105, "0.02": 0.0002666249347385019, "0.05": 0.0006634016172029078, "0.1": 0.0013294105883687735, "0.25": 0.0033796755596995354, "0.5": 0.007144859991967678, "0.75": 0.012207661755383015, "0.99": 0.027463054284453392}, "model.transformer.blocks.4.att_proj": {"0.01": 0.0001099173678085208, "0.02": 0.00022098074259702116, "0.05": 0.0005479719839058816, "0.1": 0.0010948381386697292, "0.25": 0.002796810120344162, "0.5": 0.006065361201763153, "0.75": 0.010832895524799824, "0.99": 0.027396757155656815}, "model.transformer.blocks.4.ff_proj": {"0.01": 0.00012491508095990866, "0.02": 0.00025148678105324507, "0.05": 0.0006313883350230753, "0.1": 0.0012629727134481072, "0.25": 0.003217178862541914, "0.5": 0.006811207626014948, "0.75": 0.011647164821624756, "0.99": 0.0264456644654274}, "model.transformer.blocks.5.attn_out": {"0.01": 0.00013538751227315515, "0.02": 0.0002675838768482208, "0.05": 0.0006717654759995639, "0.1": 0.0013500588247552514, "0.25": 0.00342759070917964, "0.5": 0.007276431191712618, "0.75": 0.012519259005784988, "0.99": 0.02984938584268093}, "model.transformer.blocks.5.ff_out": {"0.01": 0.00013733707601204515, "0.02": 0.00027339806547388434, "0.05": 0.000688452273607254, "0.1": 0.0013708715559914708, "0.25": 0.0034829964861273766, "0.5": 0.0073866210877895355, "0.75": 0.01260620541870594, "0.99": 0.028342079371213913}, "model.transformer.blocks.5.att_proj": {"0.01": 0.00011183560127392411, "0.02": 0.00022350865765474737, "0.05": 0.0005609450163319707, "0.1": 0.0011249564122408628, "0.25": 0.0028673901688307524, "0.5": 0.006261638831347227, "0.75": 0.01136947050690651, "0.99": 0.03276991844177246}, "model.transformer.blocks.5.ff_proj": {"0.01": 0.00012882795999757946, "0.02": 0.00025850831298157573, "0.05": 0.0006426338804885745, "0.1": 0.0012839323608204722, "0.25": 0.003255701158195734, "0.5": 0.006885271519422531, "0.75": 0.011759068816900253, "0.99": 0.026524435728788376}, "model.transformer.blocks.6.attn_out": {"0.01": 9.643792873248458e-05, "0.02": 0.0001909781276481226, "0.05": 0.0004773246473632753, "0.1": 0.00095836550462991, "0.25": 0.002432434121146798, "0.5": 0.005166900344192982, "0.75": 0.008920310996472836, "0.99": 0.0214836522936821}, "model.transformer.blocks.6.ff_out": {"0.01": 0.00013843107444699854, "0.02": 0.00027874225634150207, "0.05": 0.0006973262643441558, "0.1": 0.0013976373011246324, "0.25": 0.003542544785887003, "0.5": 0.0075052659958601, "0.75": 0.01280149631202221, "0.99": 0.028780784457921982}, "model.transformer.blocks.6.att_proj": {"0.01": 7.024082879070193e-05, "0.02": 0.00014041183749213815, "0.05": 0.00035068890429101884, "0.1": 0.0007007235544733703, "0.25": 0.0017870892770588398, "0.5": 0.0038882694207131863, "0.75": 0.007123008370399475,