{"thresholds": {"1e-10": 14, "5e-10": 56, "1e-09": 106, "5e-09": 600, "1e-08": 1159, "5e-08": 5663, "1e-07": 11448, "5e-07": 57223, "1e-06": 114276, "5e-06": 570290, "1e-05": 1140764, "0.0001": 11393265, "0.0005": 56930119, "0.001": 113548059, "0.005": 526438749, "0.01": 863459107, "0.05": 1073639725, "0.1": 1073738250, "0.5": 1073741810, "1": 1073741823}, "approx_quantiles": {"model.transformer.blocks.0.attn_out": {"0.01": 7.904242374934256e-05, "0.02": 0.00015811383491382003, "0.05": 0.00039358114008791745, "0.1": 0.0007889482658356428, "0.25": 0.0020065568387508392, "0.5": 0.004278403241187334, "0.75": 0.007387232035398483, "0.99": 0.01730685867369175}, "model.transformer.blocks.0.ff_out": {"0.01": 9.891606168821454e-05, "0.02": 0.0001987603900488466, "0.05": 0.0004985399427823722, "0.1": 0.0010000094771385193, "0.25": 0.002540679182857275, "0.5": 0.0053720008581876755, "0.75": 0.00918108131736517, "0.99": 0.020859476178884506}, "model.transformer.blocks.0.att_proj": {"0.01": 9.93264329736121e-05, "0.02": 0.00019761778821703047, "0.05": 0.0004957804339937866, "0.1": 0.0009970433311536908, "0.25": 0.0025419793091714382, "0.5": 0.0054931119084358215, "0.75": 0.009792033582925797, "0.99": 0.027819782495498657}, "model.transformer.blocks.0.ff_proj": {"0.01": 9.51946567511186e-05, "0.02": 0.00018997976440005004, "0.05": 0.00047969844308681786, "0.1": 0.0009581429185345769, "0.25": 0.0024258834309875965, "0.5": 0.005139083601534367, "0.75": 0.008797377347946167, "0.99": 0.020064042881131172}, "model.transformer.blocks.1.attn_out": {"0.01": 7.203990389825776e-05, "0.02": 0.0001444638764951378, "0.05": 0.0003587530227378011, "0.1": 0.0007195891230367124, "0.25": 0.0018310727318748832, "0.5": 0.00391448475420475, "0.75": 0.006809785030782223, "0.99": 0.016962803900241852}, "model.transformer.blocks.1.ff_out": {"0.01": 9.302719990955666e-05, "0.02": 0.0001856272720033303, "0.05": 0.0004691254289355129, "0.1": 0.000943802238907665, "0.25": 0.0023918200749903917, "0.5": 0.005056142341345549, "0.75": 0.00863812305033207, "0.99": 0.01954192854464054}, "model.transformer.blocks.1.att_proj": {"0.01": 8.556248940294608e-05, "0.02": 0.00017127436876762658, "0.05": 0.00042902588029392064, "0.1": 0.0008643744513392448, "0.25": 0.002221213188022375, "0.5": 0.004887839313596487, "0.75": 0.00899411365389824, "0.99": 0.028030134737491608}, "model.transformer.blocks.1.ff_proj": {"0.01": 9.348316234536469e-05, "0.02": 0.0001887186517706141, "0.05": 0.000470681581646204, "0.1": 0.0009428935591131449, "0.25": 0.0023991530761122704, "0.5": 0.005079256370663643, "0.75": 0.0087007200345397, "0.99": 0.01988288201391697}, "model.transformer.blocks.2.attn_out": {"0.01": 8.499766408931464e-05, "0.02": 0.00017157424008473754, "0.05": 0.000429091218393296, "0.1": 0.0008624251931905746, "0.25": 0.0021956460550427437, "0.5": 0.004662292078137398, "0.75": 0.008026898838579655, "0.99": 0.018880141898989677}, "model.transformer.blocks.2.ff_out": {"0.01": 8.943999273469672e-05, "0.02": 0.0001789410162018612, "0.05": 0.00045118966954760253, "0.1": 0.0009045538608916104, "0.25": 0.00229522492736578, "0.5": 0.004863258916884661, "0.75": 0.008318952284753323, "0.99": 0.018835067749023438}, "model.transformer.blocks.2.att_proj": {"0.01": 9.850685455603525e-05, "0.02": 0.00019718929252121598, "0.05": 0.0004986274288967252, "0.1": 0.0010047424584627151, "0.25": 0.0025840613525360823, "0.5": 0.005690133199095726, "0.75": 0.010379777289927006, "0.99": 0.031373485922813416}, "model.transformer.blocks.2.ff_proj": {"0.01": 9.23844418139197e-05, "0.02": 0.00018332917534280568, "0.05": 0.0004581848334055394, "0.1": 0.0009193506557494402, "0.25": 0.002339055761694908, "0.5": 0.004968684166669846, "0.75": 0.008528477512300014, "0.99": 0.019800392910838127}, "model.transformer.blocks.3.attn_out": {"0.01": 9.179551852867007e-05, "0.02": 0.00018310443556401879, "0.05": 0.0004582590190693736, "0.1": 0.0009124574717134237, "0.25": 0.002315766178071499, "0.5": 0.004904220812022686, "0.75": 0.008419010788202286, "0.99": 0.01944759301841259}, "model.transformer.blocks.3.ff_out": {"0.01": 8.951185009209439e-05, "0.02": 0.00017911804025061429, "0.05": 0.0004481147334445268, "0.1": 0.0008954740478657186, "0.25": 0.002279360080137849, "0.5": 0.004825791344046593, "0.75": 0.008261947892606258, "0.99": 0.018753932788968086}, "model.transformer.blocks.3.att_proj": {"0.01": 0.00010376345744589344, "0.02": 0.00020619983843062073, "0.05": 0.0005179365398362279, "0.1": 0.0010396615834906697, "0.25": 0.0026615324895828962, "0.5": 0.005771040916442871, "0.75": 0.010287130251526833, "0.99": 0.029946086928248405}, "model.transformer.blocks.3.ff_proj": {"0.01": 8.770643034949899e-05, "0.02": 0.00017377299081999809, "0.05": 0.00043740167166106403, "0.1": 0.0008764637750573456, "0.25": 0.002233619336038828, "0.5": 0.0047440361231565475, "0.75": 0.00816118624061346, "0.99": 0.019457226619124413}, "model.transformer.blocks.4.attn_out": {"0.01": 8.977943798527122e-05, "0.02": 0.00018093545804731548, "0.05": 0.0004503217642195523, "0.1": 0.0009054308757185936, "0.25": 0.002294002566486597, "0.5": 0.004866466857492924, "0.75": 0.00832633301615715, "0.99": 0.01900147646665573}, "model.transformer.blocks.4.ff_out": {"0.01": 8.901279943529516e-05, "0.02": 0.00017768148973118514, "0.05": 0.00044383201748132706, "0.1": 0.0008851761231198907, "0.25": 0.0022462918423116207, "0.5": 0.004757141228765249, "0.75": 0.008126168511807919, "0.99": 0.018306687474250793}, "model.transformer.blocks.4.att_proj": {"0.01": 0.00010516191832721233, "0.02": 0.00021017783728893846, "0.05": 0.0005211182287894189, "0.1": 0.001045076409354806, "0.25": 0.0026552826166152954, "0.5": 0.005710570141673088, "0.75": 0.010095775127410889, "0.99": 0.026753049343824387}, "model.transformer.blocks.4.ff_proj": {"0.01": 8.572481601731852e-05, "0.02": 0.00017299503087997437, "0.05": 0.0004348900110926479, "0.1": 0.0008722469210624695, "0.25": 0.002214612439274788, "0.5": 0.004697688855230808, "0.75": 0.008063996210694313, "0.99": 0.019002944231033325}, "model.transformer.blocks.5.attn_out": {"0.01": 9.578683238942176e-05, "0.02": 0.0001899750204756856, "0.05": 0.0004698085249401629, "0.1": 0.000945169129408896, "0.25": 0.002402026206254959, "0.5": 0.005091122351586819, "0.75": 0.0087134363129735, "0.99": 0.01985831744968891}, "model.transformer.blocks.5.ff_out": {"0.01": 8.969886403065175e-05, "0.02": 0.0001784252090146765, "0.05": 0.00044913258170709014, "0.1": 0.0009007474291138351, "0.25": 0.002289731288328767, "0.5": 0.004857939667999744, "0.75": 0.008298559114336967, "0.99": 0.018646497279405594}, "model.transformer.blocks.5.att_proj": {"0.01": 0.00010644699796102941, "0.02": 0.00021027910406701267, "0.05": 0.0005267343949526548, "0.1": 0.0010581834940239787, "0.25": 0.0026971762999892235, "0.5": 0.005842703394591808, "0.75": 0.010455488227307796, "0.99": 0.030726291239261627}, "model.transformer.blocks.5.ff_proj": {"0.01": 8.667528163641691e-05, "0.02": 0.00017302820924669504, "0.05": 0.0004295513790566474, "0.1": 0.0008599539287388325, "0.25": 0.0021922551095485687, "0.5": 0.004644469358026981, "0.75": 0.007956846617162228, "0.99": 0.01836678385734558}, "model.transformer.blocks.6.attn_out": {"0.01": 8.839489601086825e-05, "0.02": 0.00017530686454847455, "0.05": 0.0004398465098347515, "0.1": 0.0008827061974443495, "0.25": 0.0022461642511188984, "0.5": 0.00476065743714571, "0.75": 0.008137179538607597, "0.99": 0.018423892557621002}, "model.transformer.blocks.6.ff_out": {"0.01": 9.206248796544969e-05, "0.02": 0.00018277564959134907, "0.05": 0.0004596925573423505, "0.1": 0.0009150203550234437, "0.25": 0.002318804385140538, "0.5": 0.0049097128212451935, "0.75": 0.00838212575763464, "0.99": 0.0188607145100832}, "model.transformer.blocks.6.att_proj": {"0.01": 8.901165710994974e-05, "0.02": 0.00017872502212412655, "0.05": 0.00045244733337312937, "0.1": 0.0009079441661015153, "0.25": 0.002328570233657956, "0.5": 0.005049778148531914, "0.75": 0.009037982672452927,