{"thresholds": {"1e-10": 6, "5e-10": 50, "1e-09": 108, "5e-09": 548, "1e-08": 1090, "5e-08": 5437, "1e-07": 10770, "5e-07": 54139, "1e-06": 108741, "5e-06": 543980, "1e-05": 1088524, "0.0001": 10896350, "0.0005": 54431417, "0.001": 108590589, "0.005": 506444966, "0.01": 842705719, "0.05": 1073630704, "0.1": 1073737815, "0.5": 1073741807, "1": 1073741823}, "approx_quantiles": {"model.transformer.blocks.0.attn_out": {"0.01": 8.107087342068553e-05, "0.02": 0.00016228212916757911, "0.05": 0.0004048937698826194, "0.1": 0.0008100798586383462, "0.25": 0.0020694383420050144, "0.5": 0.004410339053720236, "0.75": 0.007632116787135601, "0.99": 0.01788877137005329}, "model.transformer.blocks.0.ff_out": {"0.01": 0.0001049087950377725, "0.02": 0.00020789731934200972, "0.05": 0.0005143987364135683, "0.1": 0.0010332545498386025, "0.25": 0.002612408949062228, "0.5": 0.005534084048122168, "0.75": 0.009458478540182114, "0.99": 0.021402621641755104}, "model.transformer.blocks.0.att_proj": {"0.01": 0.00010077600018121302, "0.02": 0.0002023396809818223, "0.05": 0.0005053739878349006, "0.1": 0.001010147505439818, "0.25": 0.0025816948618739843, "0.5": 0.005581596866250038, "0.75": 0.009929610416293144, "0.99": 0.028030652552843094}, "model.transformer.blocks.0.ff_proj": {"0.01": 9.71855188254267e-05, "0.02": 0.00019336596596986055, "0.05": 0.0004856157465837896, "0.1": 0.000976819428615272, "0.25": 0.0024789271410554647, "0.5": 0.005245614796876907, "0.75": 0.00896939542144537, "0.99": 0.020364776253700256}, "model.transformer.blocks.1.attn_out": {"0.01": 7.549708243459463e-05, "0.02": 0.0001512916205683723, "0.05": 0.0003776699595618993, "0.1": 0.0007586508290842175, "0.25": 0.00192155409604311, "0.5": 0.004120677709579468, "0.75": 0.00716995308175683, "0.99": 0.017878325656056404}, "model.transformer.blocks.1.ff_out": {"0.01": 9.702990064397454e-05, "0.02": 0.00019437387527432293, "0.05": 0.0004879395419266075, "0.1": 0.0009773082565516233, "0.25": 0.0024875770322978497, "0.5": 0.00526953861117363, "0.75": 0.008994096890091896, "0.99": 0.02036941982805729}, "model.transformer.blocks.1.att_proj": {"0.01": 8.702649938641116e-05, "0.02": 0.00017573515651747584, "0.05": 0.0004387682129163295, "0.1": 0.0008829538128338754, "0.25": 0.0022724904119968414, "0.5": 0.004999264143407345, "0.75": 0.009202273562550545, "0.99": 0.02820606157183647}, "model.transformer.blocks.1.ff_proj": {"0.01": 9.814945224206895e-05, "0.02": 0.00019611544848885387, "0.05": 0.0004914432647638023, "0.1": 0.0009825057350099087, "0.25": 0.002486995654180646, "0.5": 0.005271559115499258, "0.75": 0.009012888185679913, "0.99": 0.02056732028722763}, "model.transformer.blocks.2.attn_out": {"0.01": 8.992708899313584e-05, "0.02": 0.00018036921392194927, "0.05": 0.00045451417099684477, "0.1": 0.0009126924560405314, "0.25": 0.0023206002078950405, "0.5": 0.0049357060343027115, "0.75": 0.008485865779221058, "0.99": 0.019879896193742752}, "model.transformer.blocks.2.ff_out": {"0.01": 9.664402750786394e-05, "0.02": 0.00019084422092419118, "0.05": 0.00047499386710114777, "0.1": 0.0009495012345723808, "0.25": 0.0024161944165825844, "0.5": 0.005094815976917744, "0.75": 0.008714047260582447, "0.99": 0.019753478467464447}, "model.transformer.blocks.2.att_proj": {"0.01": 0.00010044279042631388, "0.02": 0.0002020577376242727, "0.05": 0.0005081031122244895, "0.1": 0.0010280271526426077, "0.25": 0.0026528099551796913, "0.5": 0.005847481545060873, "0.75": 0.01063434686511755, "0.99": 0.03188548982143402}, "model.transformer.blocks.2.ff_proj": {"0.01": 9.504909394308925e-05, "0.02": 0.00019147121929563582, "0.05": 0.0004798902664333582, "0.1": 0.0009617619798518717, "0.25": 0.0024453108198940754, "0.5": 0.00518492516130209, "0.75": 0.008876759558916092, "0.99": 0.020515820011496544}, "model.transformer.blocks.3.attn_out": {"0.01": 9.80351833277382e-05, "0.02": 0.0001964546536328271, "0.05": 0.0004842742346227169, "0.1": 0.0009680494549684227, "0.25": 0.0024493285454809666, "0.5": 0.0052067581564188, "0.75": 0.008925126865506172, "0.99": 0.0206171665340662}, "model.transformer.blocks.3.ff_out": {"0.01": 9.39152596401982e-05, "0.02": 0.0001871410058811307, "0.05": 0.00046867196215316653, "0.1": 0.0009435118990950286, "0.25": 0.002393907867372036, "0.5": 0.005077389534562826, "0.75": 0.008677345700562, "0.99": 0.019764024764299393}, "model.transformer.blocks.3.att_proj": {"0.01": 0.00010919706255663186, "0.02": 0.00021595963335130364, "0.05": 0.0005370675353333354, "0.1": 0.0010792124085128307, "0.25": 0.002752356929704547, "0.5": 0.0059484997764229774, "0.75": 0.010575429536402225, "0.99": 0.030278729274868965}, "model.transformer.blocks.3.ff_proj": {"0.01": 9.279947698814794e-05, "0.02": 0.0001843857899075374, "0.05": 0.0004604256828315556, "0.1": 0.0009258536738343537, "0.25": 0.002344805747270584, "0.5": 0.004974024370312691, "0.75": 0.008528275415301323, "0.99": 0.02020172029733658}, "model.transformer.blocks.4.attn_out": {"0.01": 9.523249900666997e-05, "0.02": 0.000191117447684519, "0.05": 0.0004817454027943313, "0.1": 0.000961865356657654, "0.25": 0.002434512134641409, "0.5": 0.005168820731341839, "0.75": 0.008819780312478542, "0.99": 0.02013532444834709}, "model.transformer.blocks.4.ff_out": {"0.01": 9.449026401853189e-05, "0.02": 0.00018853996880352497, "0.05": 0.0004679383127950132, "0.1": 0.0009332075715065002, "0.25": 0.002365057822316885, "0.5": 0.005018421448767185, "0.75": 0.008573516272008419, "0.99": 0.019357942044734955}, "model.transformer.blocks.4.att_proj": {"0.01": 0.00010510509309824556, "0.02": 0.00021070436923764646, "0.05": 0.0005300419870764017, "0.1": 0.0010665602749213576, "0.25": 0.0027297288179397583, "0.5": 0.005883894860744476, "0.75": 0.010358134284615517, "0.99": 0.02718229591846466}, "model.transformer.blocks.4.ff_proj": {"0.01": 9.21217942959629e-05, "0.02": 0.00018319398805033416, "0.05": 0.0004581189132295549, "0.1": 0.0009176049497909844, "0.25": 0.002326203975826502, "0.5": 0.004928735550493002, "0.75": 0.008438228629529476, "0.99": 0.019766952842473984}, "model.transformer.blocks.5.attn_out": {"0.01": 0.00010086356633109972, "0.02": 0.00019974249880760908, "0.05": 0.000503303250297904, "0.1": 0.0010085742687806487, "0.25": 0.002561712870374322, "0.5": 0.00542133953422308, "0.75": 0.009283339604735374, "0.99": 0.021198861300945282}, "model.transformer.blocks.5.ff_out": {"0.01": 9.695008338894695e-05, "0.02": 0.0001918414345709607, "0.05": 0.0004782017203979194, "0.1": 0.0009576614247635007, "0.25": 0.0024244452361017466, "0.5": 0.005138610955327749, "0.75": 0.008764129132032394, "0.99": 0.01974092423915863}, "model.transformer.blocks.5.att_proj": {"0.01": 0.00010776415729196742, "0.02": 0.0002185873017879203, "0.05": 0.0005433383048512042, "0.1": 0.0010948946001008153, "0.25": 0.002791492734104395, "0.5": 0.006028304807841778, "0.75": 0.010764420963823795, "0.99": 0.03099232353270054}, "model.transformer.blocks.5.ff_proj": {"0.01": 9.020837023854256e-05, "0.02": 0.00017956166993826628, "0.05": 0.0004535503685474396, "0.1": 0.0009089144296012819, "0.25": 0.00230388599447906, "0.5": 0.004882327280938625, "0.75": 0.008347283117473125, "0.99": 0.019183821976184845}, "model.transformer.blocks.6.attn_out": {"0.01": 9.464356844546273e-05, "0.02": 0.00018606024968903512, "0.05": 0.00046532295527867973, "0.1": 0.0009374109213240445, "0.25": 0.002389154862612486, "0.5": 0.005062893033027649, "0.75": 0.008653727360069752, "0.99": 0.019619494676589966}, "model.transformer.blocks.6.ff_out": {"0.01": 9.993228741222993e-05, "0.02": 0.00019674950453918427, "0.05": 0.0004900291678495705, "0.1": 0.000972794252447784, "0.25": 0.002458428032696247, "0.5": 0.0052015697583556175, "0.75": 0.008863834664225578, "0.99": 0.019918400794267654}, "model.transformer.blocks.6.att_proj": {"0.01": 9.36161377467215e-05, "0.02": 0.00018615317821968347, "0.05": 0.0004670230846386403, "0.1": 0.0009381090058013797, "0.25": 0.002386328298598528, "0.5": 0.005187373608350754, "0.75": 0.009303726255893707,