{"thresholds": {"1e-10": 9, "5e-10": 52, "1e-09": 133, "5e-09": 616, "1e-08": 1212, "5e-08": 6100, "1e-07": 12018, "5e-07": 59582, "1e-06": 119082, "5e-06": 593231, "1e-05": 1186761, "0.0001": 11859273, "0.0005": 59220189, "0.001": 118125079, "0.005": 544498626, "0.01": 881064519, "0.05": 1073646653, "0.1": 1073738635, "0.5": 1073741811, "1": 1073741823}, "approx_quantiles": {"model.transformer.blocks.0.attn_out": {"0.01": 7.710284990025684e-05, "0.02": 0.00015370493929367512, "0.05": 0.00038465348188765347, "0.1": 0.0007679095142520964, "0.25": 0.001958609791472554, "0.5": 0.004174333065748215, "0.75": 0.007221476174890995, "0.99": 0.016907641664147377}, "model.transformer.blocks.0.ff_out": {"0.01": 9.742865222506225e-05, "0.02": 0.00019571355369407684, "0.05": 0.0004872382851317525, "0.1": 0.0009754814091138542, "0.25": 0.0024737289641052485, "0.5": 0.005252137314528227, "0.75": 0.008985023014247417, "0.99": 0.0203687846660614}, "model.transformer.blocks.0.att_proj": {"0.01": 9.593678987585008e-05, "0.02": 0.00019374150724615902, "0.05": 0.0004894230514764786, "0.1": 0.0009788370225578547, "0.25": 0.0025054090656340122, "0.5": 0.005428892094641924, "0.75": 0.009680378250777721, "0.99": 0.027758685871958733}, "model.transformer.blocks.0.ff_proj": {"0.01": 9.235308971256018e-05, "0.02": 0.00018594229186419398, "0.05": 0.00046540022594854236, "0.1": 0.0009352501947432756, "0.25": 0.0023775906302034855, "0.5": 0.005047283135354519, "0.75": 0.008634603582322598, "0.99": 0.019704598933458328}, "model.transformer.blocks.1.attn_out": {"0.01": 6.81591554894112e-05, "0.02": 0.00013732882507611066, "0.05": 0.00034479127498343587, "0.1": 0.0006919758743606508, "0.25": 0.001758420024998486, "0.5": 0.003754949662834406, "0.75": 0.006521936506032944, "0.99": 0.01618269272148609}, "model.transformer.blocks.1.ff_out": {"0.01": 9.030027285916731e-05, "0.02": 0.00018081121379509568, "0.05": 0.00045102438889443874, "0.1": 0.0009029076900333166, "0.25": 0.0023001539520919323, "0.5": 0.004880241118371487, "0.75": 0.00833431538194418, "0.99": 0.01887882500886917}, "model.transformer.blocks.1.att_proj": {"0.01": 8.534439984941855e-05, "0.02": 0.00016975706967059523, "0.05": 0.0004213269567117095, "0.1": 0.0008436942589469254, "0.25": 0.002168070524930954, "0.5": 0.004784346558153629, "0.75": 0.008849275298416615, "0.99": 0.027775073423981667}, "model.transformer.blocks.1.ff_proj": {"0.01": 9.122161281993613e-05, "0.02": 0.00018301019736099988, "0.05": 0.00045728005352430046, "0.1": 0.0009127893717959523, "0.25": 0.0023201361764222383, "0.5": 0.004918921738862991, "0.75": 0.008426740765571594, "0.99": 0.019308356568217278}, "model.transformer.blocks.2.attn_out": {"0.01": 8.256972068920732e-05, "0.02": 0.00016550016880501062, "0.05": 0.0004123362014070153, "0.1": 0.0008247456862591207, "0.25": 0.002090133260935545, "0.5": 0.0044441549107432365, "0.75": 0.00764830969274044, "0.99": 0.018028531223535538}, "model.transformer.blocks.2.ff_out": {"0.01": 8.728376997169107e-05, "0.02": 0.0001744594774208963, "0.05": 0.0004348255752120167, "0.1": 0.0008728996035642922, "0.25": 0.0022018318995833397, "0.5": 0.004663486965000629, "0.75": 0.007975115440785885, "0.99": 0.018042415380477905}, "model.transformer.blocks.2.att_proj": {"0.01": 9.746431169332936e-05, "0.02": 0.00019798743596766144, "0.05": 0.0004920159699395299, "0.1": 0.0009879026329144835, "0.25": 0.0025212494656443596, "0.5": 0.005554935894906521, "0.75": 0.010156292468309402, "0.99": 0.03107634373009205}, "model.transformer.blocks.2.ff_proj": {"0.01": 8.900348620954901e-05, "0.02": 0.00017695716815069318, "0.05": 0.00044021449866704643, "0.1": 0.0008897632360458374, "0.25": 0.0022523379884660244, "0.5": 0.004781595431268215, "0.75": 0.008219392970204353, "0.99": 0.019158130511641502}, "model.transformer.blocks.3.attn_out": {"0.01": 8.520184928784147e-05, "0.02": 0.00017140348791144788, "0.05": 0.00043056413414888084, "0.1": 0.0008611832745373249, "0.25": 0.0021900092251598835, "0.5": 0.004656197503209114, "0.75": 0.007990146987140179, "0.99": 0.01850835233926773}, "model.transformer.blocks.3.ff_out": {"0.01": 8.46519906190224e-05, "0.02": 0.00017055217176675797, "0.05": 0.00042680627666413784, "0.1": 0.0008579009445384145, "0.25": 0.0021801614202558994, "0.5": 0.004608904477208853, "0.75": 0.00787784717977047, "0.99": 0.017873262986540794}, "model.transformer.blocks.3.att_proj": {"0.01": 0.00010185076826019213, "0.02": 0.0002041391999227926, "0.05": 0.0005060627008788288, "0.1": 0.0010153102921321988, "0.25": 0.0025959706399589777, "0.5": 0.005617540329694748, "0.75": 0.010043756105005741, "0.99": 0.029631685465574265}, "model.transformer.blocks.3.ff_proj": {"0.01": 8.487044397043064e-05, "0.02": 0.0001674547092989087, "0.05": 0.0004199064860586077, "0.1": 0.000845179776661098, "0.25": 0.0021445085294544697, "0.5": 0.004565219394862652, "0.75": 0.007851979695260525, "0.99": 0.018848177045583725}, "model.transformer.blocks.4.attn_out": {"0.01": 8.561272989027202e-05, "0.02": 0.00017109877080656588, "0.05": 0.0004287483752705157, "0.1": 0.000857906648889184, "0.25": 0.0021834231447428465, "0.5": 0.0046175397001206875, "0.75": 0.007904007099568844, "0.99": 0.01802932843565941}, "model.transformer.blocks.4.ff_out": {"0.01": 8.377706399187446e-05, "0.02": 0.0001667213800828904, "0.05": 0.000419661431806162, "0.1": 0.0008447840809822083, "0.25": 0.002143437974154949, "0.5": 0.004540140740573406, "0.75": 0.007744928821921349, "0.99": 0.01755494624376297}, "model.transformer.blocks.4.att_proj": {"0.01": 0.00010146517888642848, "0.02": 0.0002039355313172564, "0.05": 0.0005130502977408469, "0.1": 0.0010165193816646934, "0.25": 0.0025828583166003227, "0.5": 0.005554696079343557, "0.75": 0.009836112149059772, "0.99": 0.026463298127055168}, "model.transformer.blocks.4.ff_proj": {"0.01": 8.37051120470278e-05, "0.02": 0.00016807134670671076, "0.05": 0.0004208970640320331, "0.1": 0.0008433674811385572, "0.25": 0.0021248715929687023, "0.5": 0.0045164842158555984, "0.75": 0.0077383010648190975, "0.99": 0.01833048090338707}, "model.transformer.blocks.5.attn_out": {"0.01": 8.952573261922225e-05, "0.02": 0.00017810134158935398, "0.05": 0.0004483599332161248, "0.1": 0.0008949012844823301, "0.25": 0.002266207942739129, "0.5": 0.004800813272595406, "0.75": 0.008213667199015617, "0.99": 0.018755950033664703}, "model.transformer.blocks.5.ff_out": {"0.01": 8.58014464029111e-05, "0.02": 0.00017222661699634045, "0.05": 0.0004277089610695839, "0.1": 0.0008595359395258129, "0.25": 0.0021808003075420856, "0.5": 0.004627983085811138, "0.75": 0.007899078540503979, "0.99": 0.017797470092773438}, "model.transformer.blocks.5.att_proj": {"0.01": 0.00010338841821067035, "0.02": 0.00020509662863332778, "0.05": 0.0005125682218931615, "0.1": 0.0010313137900084257, "0.25": 0.002619751263409853, "0.5": 0.005679725669324398, "0.75": 0.010196412913501263, "0.99": 0.03047168254852295}, "model.transformer.blocks.5.ff_proj": {"0.01": 8.23341470095329e-05, "0.02": 0.0001649725454626605, "0.05": 0.00041585630970075727, "0.1": 0.0008308847900480032, "0.25": 0.002109744818881154, "0.5": 0.004465954843908548, "0.75": 0.00763692706823349, "0.99": 0.01760835014283657}, "model.transformer.blocks.6.attn_out": {"0.01": 8.414121111854911e-05, "0.02": 0.00016791591770015657, "0.05": 0.0004202514828648418, "0.1": 0.0008388395654037595, "0.25": 0.002129150088876486, "0.5": 0.004502526018768549, "0.75": 0.007705639116466045, "0.99": 0.01738729327917099}, "model.transformer.blocks.6.ff_out": {"0.01": 8.830416481941938e-05, "0.02": 0.00017571247008163482, "0.05": 0.00043617322808131576, "0.1": 0.0008724007057026029, "0.25": 0.0022102217189967632, "0.5": 0.0046805646270513535, "0.75": 0.007983866147696972, "0.99": 0.01792154274880886}, "model.transformer.blocks.6.att_proj": {"0.01": 8.892377809388563e-05, "0.02": 0.00017738057067617774, "0.05": 0.00044373550917953253, "0.1": 0.0008883808623068035, "0.25": 0.0022692529018968344, "0.5": 0.004922013264149427,