{"16": {"my_loss": 2.6871723902225493, "han_loss": 2.673356294631958, "piqa,acc": 0.7285092491838956, "winogrande,acc": 0.5611681136543015, "lambada_openai,acc": 0.48981176013972444}, "5": {"my_loss": 2.6965535783767702, "han_loss": 2.6832618713378906, "piqa,acc": 0.7279651795429815, "winogrande,acc": 0.5706393054459353, "lambada_openai,acc": 0.48496021734911704}, "4": {"my_loss": 2.728489766716957, "han_loss": 2.720810651779175, "piqa,acc": 0.7181719260065288, "winogrande,acc": 0.55327545382794, "lambada_openai,acc": 0.47156995924704054}, "3": {"my_loss": 2.9131905567646026, "han_loss": 2.913735866546631, "piqa,acc": 0.6996735582154516, "winogrande,acc": 0.5461720599842147, "lambada_openai,acc": 0.42014360566660197}, "2": {"my_loss": 5.691220684051514, "han_loss": 7.226130962371826, "piqa,acc": 0.5685527747551686, "winogrande,acc": 0.5027624309392266, "lambada_openai,acc": 0.006209974771977489}}