{"16": {"my_loss": 2.6871725064516068, "han_loss": 2.6733548641204834, "piqa,acc": 0.7285092491838956, "winogrande,acc": 0.5611681136543015, "lambada_openai,acc": 0.48981176013972444}, "5": {"my_loss": 2.6973398512601854, "han_loss": 2.681278944015503, "piqa,acc": 0.7295973884657236, "winogrande,acc": 0.5580110497237569, "lambada_openai,acc": 0.4818552299631283}, "4": {"my_loss": 2.7322139608860017, "han_loss": 2.7213077545166016, "piqa,acc": 0.7225244831338411, "winogrande,acc": 0.5493291239147593, "lambada_openai,acc": 0.4810789831166311}, "3": {"my_loss": 2.953961117863655, "han_loss": 2.9392342567443848, "piqa,acc": 0.7100108813928183, "winogrande,acc": 0.5556432517758485, "lambada_openai,acc": 0.41082864350863574}, "2": {"my_loss": 5.702862391471863, "han_loss": 6.826397895812988, "piqa,acc": 0.55930359085963, "winogrande,acc": 0.48697711128650356, "lambada_openai,acc": 0.00950902386959053}}