{"16": {"my_loss": 2.912257382273674, "han_loss": 2.9412856101989746, "piqa,acc": 0.6871599564744287, "winogrande,acc": 0.531965272296764, "lambada_openai,acc": 0.3405783039006404}, "5": {"my_loss": 2.919086260199547, "han_loss": 2.946833372116089, "piqa,acc": 0.6828073993471164, "winogrande,acc": 0.5248618784530387, "lambada_openai,acc": 0.33650300795653015}, "4": {"my_loss": 2.9425847053527834, "han_loss": 2.9846324920654297, "piqa,acc": 0.6882480957562568, "winogrande,acc": 0.5201262825572218, "lambada_openai,acc": 0.3134096642732389}, "3": {"my_loss": 3.09494562625885, "han_loss": 3.15929913520813, "piqa,acc": 0.6664853101196954, "winogrande,acc": 0.5414364640883977, "lambada_openai,acc": 0.2747913836600039}, "2": {"my_loss": 5.580017828941346, "han_loss": 6.0957183837890625, "piqa,acc": 0.559847660500544, "winogrande,acc": 0.48697711128650356, "lambada_openai,acc": 0.003687172520861634}}