{"16": {"my_loss": 2.912257304787636, "han_loss": 2.94128680229187, "piqa,acc": 0.6871599564744287, "winogrande,acc": 0.531965272296764, "lambada_openai,acc": 0.3405783039006404}, "5": {"my_loss": 2.919086540937424, "han_loss": 2.946833610534668, "piqa,acc": 0.6828073993471164, "winogrande,acc": 0.5248618784530387, "lambada_openai,acc": 0.33650300795653015}, "4": {"my_loss": 2.942320679426193, "han_loss": 2.9850728511810303, "piqa,acc": 0.6898803046789989, "winogrande,acc": 0.5240726124704025, "lambada_openai,acc": 0.31670871337085194}, "3": {"my_loss": 3.0766423392295836, "han_loss": 3.1487412452697754, "piqa,acc": 0.6697497279651795, "winogrande,acc": 0.5398579321231255, "lambada_openai,acc": 0.26974577915777215}, "2": {"my_loss": 4.918252139091492, "han_loss": 5.50906229019165, "piqa,acc": 0.5865070729053319, "winogrande,acc": 0.5067087608524072, "lambada_openai,acc": 0.011255579274209199}}