{"16": {"my_loss": 2.5997976648807524, "han_loss": 2.5526535511016846, "piqa,acc": 0.7415669205658324, "winogrande,acc": 0.5706393054459353, "lambada_openai,acc": 0.5332815835435668}, "5": {"my_loss": 2.6120678174495695, "han_loss": 2.567045211791992, "piqa,acc": 0.7388465723612623, "winogrande,acc": 0.5714285714285714, "lambada_openai,acc": 0.5416262371434116}, "4": {"my_loss": 2.6594372045993806, "han_loss": 2.610366106033325, "piqa,acc": 0.735582154515778, "winogrande,acc": 0.5595895816890292, "lambada_openai,acc": 0.5278478556180866}, "3": {"my_loss": 2.8810316240787506, "han_loss": 2.8704020977020264, "piqa,acc": 0.7165397170837867, "winogrande,acc": 0.5398579321231255, "lambada_openai,acc": 0.43857946827091016}, "2": {"my_loss": 6.971881899833679, "han_loss": 8.563654899597168, "piqa,acc": 0.545157780195865, "winogrande,acc": 0.5043409629044988, "lambada_openai,acc": 0.00019406171162429653}}