{"16": {"my_loss": 2.8439652705192566, "han_loss": 2.841414213180542, "piqa,acc": 0.7040261153427638, "winogrande,acc": 0.526440410418311, "lambada_openai,acc": 0.41529206287599457}, "5": {"my_loss": 2.8520740175247195, "han_loss": 2.8511931896209717, "piqa,acc": 0.7034820457018498, "winogrande,acc": 0.5280189423835833, "lambada_openai,acc": 0.41102270522026}, "4": {"my_loss": 2.87466029882431, "han_loss": 2.8784189224243164, "piqa,acc": 0.6996735582154516, "winogrande,acc": 0.5311760063141279, "lambada_openai,acc": 0.3966621385600621}, "3": {"my_loss": 3.000552477836609, "han_loss": 3.024571180343628, "piqa,acc": 0.690424374319913, "winogrande,acc": 0.5201262825572218, "lambada_openai,acc": 0.3522220065980982}, "2": {"my_loss": 4.828570003509522, "han_loss": 5.395623683929443, "piqa,acc": 0.5914036996735582, "winogrande,acc": 0.5114443567482242, "lambada_openai,acc": 0.01397244323694935}}