{"16": {"my_loss": 2.8439653182029723, "han_loss": 2.8414146900177, "piqa,acc": 0.7040261153427638, "winogrande,acc": 0.526440410418311, "lambada_openai,acc": 0.4150980011643703}, "5": {"my_loss": 2.8520743268728257, "han_loss": 2.8511931896209717, "piqa,acc": 0.7034820457018498, "winogrande,acc": 0.5280189423835833, "lambada_openai,acc": 0.41102270522026}, "4": {"my_loss": 2.8748969358205794, "han_loss": 2.8780858516693115, "piqa,acc": 0.6969532100108814, "winogrande,acc": 0.5343330702446725, "lambada_openai,acc": 0.39705026198331067}, "3": {"my_loss": 3.0267803007364273, "han_loss": 3.060791015625, "piqa,acc": 0.6849836779107725, "winogrande,acc": 0.5122336227308603, "lambada_openai,acc": 0.33921987191927033}, "2": {"my_loss": 5.4709596967697145, "han_loss": 6.093145847320557, "piqa,acc": 0.5571273122959739, "winogrande,acc": 0.49013417521704816, "lambada_openai,acc": 0.0017465554046186688}}