{"16": {"my_loss": 2.5997979122400285, "han_loss": 2.5526540279388428, "piqa,acc": 0.7415669205658324, "winogrande,acc": 0.5706393054459353, "lambada_openai,acc": 0.5332815835435668}, "5": {"my_loss": 2.611394684910774, "han_loss": 2.5663745403289795, "piqa,acc": 0.7388465723612623, "winogrande,acc": 0.5682715074980268, "lambada_openai,acc": 0.5404618668736658}, "4": {"my_loss": 2.6559750843048096, "han_loss": 2.608083486557007, "piqa,acc": 0.7372143634385201, "winogrande,acc": 0.5706393054459353, "lambada_openai,acc": 0.5334756452551912}, "3": {"my_loss": 2.8846670460700987, "han_loss": 2.8675644397735596, "piqa,acc": 0.7247007616974973, "winogrande,acc": 0.5516969218626677, "lambada_openai,acc": 0.4416844556568989}, "2": {"my_loss": 5.704314913749695, "han_loss": 6.970368385314941, "piqa,acc": 0.5560391730141458, "winogrande,acc": 0.5098658247829518, "lambada_openai,acc": 0.0011643702697457792}}