{"16": {"my_loss": 2.575414518415928, "han_loss": 2.5269265174865723, "piqa,acc": 0.7437431991294886, "winogrande,acc": 0.5777426992896606, "lambada_openai,acc": 0.5538521249757423}, "5": {"my_loss": 2.5900890797376634, "han_loss": 2.5422890186309814, "piqa,acc": 0.7383025027203483, "winogrande,acc": 0.5666929755327546, "lambada_openai,acc": 0.5585096060547254}, "4": {"my_loss": 2.644484117627144, "han_loss": 2.59242582321167, "piqa,acc": 0.7377584330794341, "winogrande,acc": 0.5816890292028414, "lambada_openai,acc": 0.5321172132738211}, "3": {"my_loss": 2.9120403760671616, "han_loss": 2.88757061958313, "piqa,acc": 0.7252448313384113, "winogrande,acc": 0.5722178374112076, "lambada_openai,acc": 0.46089656510770427}, "2": {"my_loss": 6.736839842796326, "han_loss": 8.651877403259277, "piqa,acc": 0.5391730141458106, "winogrande,acc": 0.5201262825572218, "lambada_openai,acc": 0.0}}