{"16": {"my_loss": 2.5816356259584428, "han_loss": 2.5368924140930176, "piqa,acc": 0.7399347116430903, "winogrande,acc": 0.5808997632202052, "lambada_openai,acc": 0.5513293227246264}, "5": {"my_loss": 2.595092430114746, "han_loss": 2.551743268966675, "piqa,acc": 0.7426550598476604, "winogrande,acc": 0.584846093133386, "lambada_openai,acc": 0.5573452357849796}, "4": {"my_loss": 2.644917415380478, "han_loss": 2.605205535888672, "piqa,acc": 0.7377584330794341, "winogrande,acc": 0.574585635359116, "lambada_openai,acc": 0.5294003493110809}, "3": {"my_loss": 2.8831245839595794, "han_loss": 2.8747386932373047, "piqa,acc": 0.7187159956474428, "winogrande,acc": 0.5461720599842147, "lambada_openai,acc": 0.4517756646613623}, "2": {"my_loss": 6.883490815162658, "han_loss": 8.736579895019531, "piqa,acc": 0.5250272034820457, "winogrande,acc": 0.5067087608524072, "lambada_openai,acc": 0.0}}