{"16": {"hellaswag,acc": 0.3866759609639514}, "5": {"hellaswag,acc": 0.385381398127863}, "4": {"hellaswag,acc": 0.38129854610635333}, "3": {"hellaswag,acc": 0.3588926508663613}, "2": {"hellaswag,acc": 0.2789285002987453}}