{"16": {"my_loss": 2.5816348722577094, "han_loss": 2.5368926525115967, "piqa,acc": 0.7399347116430903, "winogrande,acc": 0.5808997632202052, "lambada_openai,acc": 0.5513293227246264, "hellaswag,acc": 0.4541923919537941}, "5": {"my_loss": 2.59371295273304, "han_loss": 2.550114154815674, "piqa,acc": 0.7442872687704026, "winogrande,acc": 0.5808997632202052, "lambada_openai,acc": 0.5581214826314768, "hellaswag,acc": 0.45508862776339376}, "4": {"my_loss": 2.6405999624729155, "han_loss": 2.6046695709228516, "piqa,acc": 0.735038084874864, "winogrande,acc": 0.5706393054459353, "lambada_openai,acc": 0.5348340772365612, "hellaswag,acc": 0.44961163114917346}, "3": {"my_loss": 2.878091129660606, "han_loss": 2.853102684020996, "piqa,acc": 0.7247007616974973, "winogrande,acc": 0.5485398579321231, "lambada_openai,acc": 0.4484766155637493, "hellaswag,acc": 0.4204341764588727}, "2": {"my_loss": 6.003065838813781, "han_loss": 7.431243419647217, "piqa,acc": 0.5647442872687704, "winogrande,acc": 0.5019731649565904, "lambada_openai,acc": 0.0007762468464971861, "hellaswag,acc": 0.2704640509858594}}