{"16": {"hellaswag,acc": 0.3866759609639514}, "5": {"hellaswag,acc": 0.3858793069109739}, "4": {"hellaswag,acc": 0.38020314678350925}, "3": {"hellaswag,acc": 0.36446922923720376}, "2": {"hellaswag,acc": 0.279326827325234}}