{"16": {"my_loss": 2.5754148837924005, "han_loss": 2.5269265174865723, "piqa,acc": 0.7437431991294886, "winogrande,acc": 0.5777426992896606, "lambada_openai,acc": 0.5538521249757423}, "5": {"my_loss": 2.5880723494291304, "han_loss": 2.5404508113861084, "piqa,acc": 0.7431991294885746, "winogrande,acc": 0.5880031570639306, "lambada_openai,acc": 0.5519115078594993}, "4": {"my_loss": 2.638786768317223, "han_loss": 2.5879929065704346, "piqa,acc": 0.735582154515778, "winogrande,acc": 0.5714285714285714, "lambada_openai,acc": 0.5264894236367165}, "3": {"my_loss": 2.906200190782547, "han_loss": 2.868370532989502, "piqa,acc": 0.7159956474428727, "winogrande,acc": 0.5651144435674822, "lambada_openai,acc": 0.4117989520667572}, "2": {"my_loss": 6.163978762626648, "han_loss": 7.551170349121094, "piqa,acc": 0.5631120783460283, "winogrande,acc": 0.5067087608524072, "lambada_openai,acc": 0.0005821851348728896}}