{"16": {"my_loss": 2.76633595764637, "han_loss": 2.748142957687378, "piqa,acc": 0.719804134929271, "winogrande,acc": 0.5382794001578532, "lambada_openai,acc": 0.4572093925868426}, "5": {"my_loss": 2.77412095785141, "han_loss": 2.7596635818481445, "piqa,acc": 0.7165397170837867, "winogrande,acc": 0.5343330702446725, "lambada_openai,acc": 0.4566272074519697}, "4": {"my_loss": 2.799900850057602, "han_loss": 2.788536787033081, "piqa,acc": 0.719804134929271, "winogrande,acc": 0.5406471981057617, "lambada_openai,acc": 0.4486706772753736}, "3": {"my_loss": 2.935186996459961, "han_loss": 2.951185703277588, "piqa,acc": 0.6991294885745375, "winogrande,acc": 0.5185477505919495, "lambada_openai,acc": 0.3621191538909373}, "2": {"my_loss": 5.107602162361145, "han_loss": 6.038052558898926, "piqa,acc": 0.5690968443960827, "winogrande,acc": 0.5035516969218626, "lambada_openai,acc": 0.007568406753347565}}