{"16": {"my_loss": 2.766336110830307, "han_loss": 2.748142719268799, "piqa,acc": 0.719804134929271, "winogrande,acc": 0.5374901341752171, "lambada_openai,acc": 0.4572093925868426}, "5": {"my_loss": 2.774573547244072, "han_loss": 2.7582242488861084, "piqa,acc": 0.719260065288357, "winogrande,acc": 0.5374901341752171, "lambada_openai,acc": 0.45099941781486513}, "4": {"my_loss": 2.8040321028232573, "han_loss": 2.7898881435394287, "piqa,acc": 0.7187159956474428, "winogrande,acc": 0.5398579321231255, "lambada_openai,acc": 0.4360566660197943}, "3": {"my_loss": 2.974962978363037, "han_loss": 2.996854543685913, "piqa,acc": 0.6947769314472253, "winogrande,acc": 0.5201262825572218, "lambada_openai,acc": 0.33921987191927033}, "2": {"my_loss": 5.595007152557373, "han_loss": 6.575603008270264, "piqa,acc": 0.5652883569096845, "winogrande,acc": 0.47592738752959746, "lambada_openai,acc": 0.0019406171162429653}}