{"16": {"my_loss": 2.5632502806186674, "han_loss": 2.508143663406372, "piqa,acc": 0.7448313384113167, "winogrande,acc": 0.5816890292028414, "lambada_openai,acc": 0.5594799146128469, "hellaswag,acc": 0.4609639514041028}, "5": {"my_loss": 2.579196352958679, "han_loss": 2.526644468307495, "piqa,acc": 0.7448313384113167, "winogrande,acc": 0.5895816890292028, "lambada_openai,acc": 0.5610324083058412, "hellaswag,acc": 0.46285600477992433}, "4": {"my_loss": 2.6383478224277495, "han_loss": 2.58711314201355, "piqa,acc": 0.7334058759521219, "winogrande,acc": 0.5769534333070244, "lambada_openai,acc": 0.5509411993013779, "hellaswag,acc": 0.45598486357299345}, "3": {"my_loss": 2.9190723955631257, "han_loss": 2.9542109966278076, "piqa,acc": 0.7165397170837867, "winogrande,acc": 0.5524861878453039, "lambada_openai,acc": 0.45099941781486513, "hellaswag,acc": 0.41525592511451903}, "2": {"my_loss": 7.502072725296021, "han_loss": 8.793136596679688, "piqa,acc": 0.5342763873775843, "winogrande,acc": 0.5114443567482242, "lambada_openai,acc": 0.0, "hellaswag,acc": 0.26249751045608444}}