{"16": {"my_loss": 2.5502655574679376, "han_loss": 2.5042355060577393, "piqa,acc": 0.7448313384113167, "winogrande,acc": 0.5777426992896606, "lambada_openai,acc": 0.5775276537939065}, "5": {"my_loss": 2.5683110862970353, "han_loss": 2.5242366790771484, "piqa,acc": 0.7442872687704026, "winogrande,acc": 0.5659037095501184, "lambada_openai,acc": 0.5852901222588783}, "4": {"my_loss": 2.646487073302269, "han_loss": 2.639934539794922, "piqa,acc": 0.7383025027203483, "winogrande,acc": 0.5643251775848461, "lambada_openai,acc": 0.5565689889384824}, "3": {"my_loss": 2.9189259153604508, "han_loss": 2.9482221603393555, "piqa,acc": 0.7089227421109902, "winogrande,acc": 0.5524861878453039, "lambada_openai,acc": 0.49252862410246456}, "2": {"my_loss": 7.394317502975464, "han_loss": 8.885823249816895, "piqa,acc": 0.5337323177366703, "winogrande,acc": 0.5035516969218626, "lambada_openai,acc": 0.00019406171162429653}}