{"16": {"my_loss": 2.550265150666237, "han_loss": 2.5042357444763184, "piqa,acc": 0.7448313384113167, "winogrande,acc": 0.5785319652722968, "lambada_openai,acc": 0.5775276537939065}, "5": {"my_loss": 2.567371924817562, "han_loss": 2.523399829864502, "piqa,acc": 0.7475516866158868, "winogrande,acc": 0.5722178374112076, "lambada_openai,acc": 0.5878129245099942}, "4": {"my_loss": 2.6283294057846067, "han_loss": 2.5805869102478027, "piqa,acc": 0.7377584330794341, "winogrande,acc": 0.5722178374112076, "lambada_openai,acc": 0.5635552105569571}, "3": {"my_loss": 2.919352362155914, "han_loss": 2.906177282333374, "piqa,acc": 0.7225244831338411, "winogrande,acc": 0.5627466456195738, "lambada_openai,acc": 0.4513875412381137}, "2": {"my_loss": 6.730939731597901, "han_loss": 8.265486717224121, "piqa,acc": 0.5511425462459195, "winogrande,acc": 0.5327545382794001, "lambada_openai,acc": 0.0005821851348728896}}