{"16": {"my_loss": 2.563250494003296, "han_loss": 2.508145332336426, "piqa,acc": 0.7448313384113167, "winogrande,acc": 0.5816890292028414, "lambada_openai,acc": 0.5594799146128469, "hellaswag,acc": 0.4609639514041028}, "5": {"my_loss": 2.5781219190359117, "han_loss": 2.5260610580444336, "piqa,acc": 0.7464635473340587, "winogrande,acc": 0.584846093133386, "lambada_openai,acc": 0.5548224335338637, "hellaswag,acc": 0.46255725951005777}, "4": {"my_loss": 2.63233407497406, "han_loss": 2.575186252593994, "piqa,acc": 0.7377584330794341, "winogrande,acc": 0.5816890292028414, "lambada_openai,acc": 0.5540461866873666, "hellaswag,acc": 0.46026687910774744}, "3": {"my_loss": 2.9148556393384935, "han_loss": 2.899982452392578, "piqa,acc": 0.720348204570185, "winogrande,acc": 0.5666929755327546, "lambada_openai,acc": 0.428682320978071, "hellaswag,acc": 0.4239195379406493}, "2": {"my_loss": 6.865935282707214, "han_loss": 8.17724609375, "piqa,acc": 0.5348204570184983, "winogrande,acc": 0.5090765588003157, "lambada_openai,acc": 0.00019406171162429653, "hellaswag,acc": 0.2673770165305716}}