{"16": {"my_loss": 2.5328773868083956, "han_loss": 2.484517812728882, "piqa,acc": 0.7513601741022851, "winogrande,acc": 0.5895816890292028, "lambada_openai,acc": 0.5759751601009121, "hellaswag,acc": 0.46594303923521213}, "5": {"my_loss": 2.5530732357501984, "han_loss": 2.5053367614746094, "piqa,acc": 0.7480957562568009, "winogrande,acc": 0.5911602209944752, "lambada_openai,acc": 0.5625849019988356, "hellaswag,acc": 0.46564429396534557}, "4": {"my_loss": 2.631538614034653, "han_loss": 2.5815494060516357, "piqa,acc": 0.750816104461371, "winogrande,acc": 0.574585635359116, "lambada_openai,acc": 0.5548224335338637, "hellaswag,acc": 0.4599681338378809}, "3": {"my_loss": 2.9962741112709046, "han_loss": 3.0689074993133545, "piqa,acc": 0.7072905331882481, "winogrande,acc": 0.5572217837411207, "lambada_openai,acc": 0.4350863574616728, "hellaswag,acc": 0.41784505078669587}, "2": {"my_loss": 7.3146315908432005, "han_loss": 8.645365715026855, "piqa,acc": 0.5418933623503809, "winogrande,acc": 0.49171270718232046, "lambada_openai,acc": 0.0, "hellaswag,acc": 0.2614021111332404}}