{"16": {"my_loss": 2.5328768593072892, "han_loss": 2.4845197200775146, "piqa,acc": 0.7513601741022851, "winogrande,acc": 0.5895816890292028, "lambada_openai,acc": 0.5757810983892878}, "5": {"my_loss": 2.5540518510341643, "han_loss": 2.5090484619140625, "piqa,acc": 0.7426550598476604, "winogrande,acc": 0.5943172849250198, "lambada_openai,acc": 0.5687948767708131}, "4": {"my_loss": 2.6523592495918273, "han_loss": 2.6551015377044678, "piqa,acc": 0.7453754080522307, "winogrande,acc": 0.5777426992896606, "lambada_openai,acc": 0.5354162623714341}, "3": {"my_loss": 3.014264954328537, "han_loss": 3.083674907684326, "piqa,acc": 0.7127312295973884, "winogrande,acc": 0.5438042620363063, "lambada_openai,acc": 0.43799728313603725}, "2": {"my_loss": 7.981501560211182, "han_loss": 9.345466613769531, "piqa,acc": 0.5272034820457019, "winogrande,acc": 0.48066298342541436, "lambada_openai,acc": 0.00019406171162429653}}