{"16": {"my_loss": 2.540009562075138, "han_loss": 2.4947707653045654, "piqa,acc": 0.7437431991294886, "winogrande,acc": 0.5824782951854776, "lambada_openai,acc": 0.5773335920822822, "hellaswag,acc": 0.4647480581557459}, "5": {"my_loss": 2.560036361217499, "han_loss": 2.5154318809509277, "piqa,acc": 0.7442872687704026, "winogrande,acc": 0.585635359116022, "lambada_openai,acc": 0.5750048515427906, "hellaswag,acc": 0.46644094801832303}, "4": {"my_loss": 2.6451419258117674, "han_loss": 2.6424367427825928, "piqa,acc": 0.7404787812840044, "winogrande,acc": 0.5706393054459353, "lambada_openai,acc": 0.5491946438967592, "hellaswag,acc": 0.46036646086436966}, "3": {"my_loss": 2.9635359716415404, "han_loss": 3.03901743888855, "piqa,acc": 0.7165397170837867, "winogrande,acc": 0.5422257300710339, "lambada_openai,acc": 0.4397438385406559, "hellaswag,acc": 0.41655048795060745}, "2": {"my_loss": 7.204089956283569, "han_loss": 8.893136024475098, "piqa,acc": 0.5380848748639826, "winogrande,acc": 0.489344909234412, "lambada_openai,acc": 0.0, "hellaswag,acc": 0.2621987651862179}}