{"16": {"my_loss": 2.5400098580121995, "han_loss": 2.4947705268859863, "piqa,acc": 0.7437431991294886, "winogrande,acc": 0.5824782951854776, "lambada_openai,acc": 0.5773335920822822}, "5": {"my_loss": 2.5579885452985764, "han_loss": 2.513885498046875, "piqa,acc": 0.7464635473340587, "winogrande,acc": 0.5769534333070244, "lambada_openai,acc": 0.5717058024451775}, "4": {"my_loss": 2.621475349664688, "han_loss": 2.575063467025757, "piqa,acc": 0.7366702937976061, "winogrande,acc": 0.5808997632202052, "lambada_openai,acc": 0.5587036677663497}, "3": {"my_loss": 2.974440896511078, "han_loss": 3.07696795463562, "piqa,acc": 0.7116430903155604, "winogrande,acc": 0.5406471981057617, "lambada_openai,acc": 0.4207257908014749}, "2": {"my_loss": 6.998332405090332, "han_loss": 8.562555313110352, "piqa,acc": 0.5353645266594124, "winogrande,acc": 0.5027624309392266, "lambada_openai,acc": 0.00019406171162429653}}