{"16": {"my_loss": 2.5283651635050775, "han_loss": 2.4784634113311768, "piqa,acc": 0.7546245919477693, "winogrande,acc": 0.5990528808208366, "lambada_openai,acc": 0.5722879875800505, "hellaswag,acc": 0.46773551085441145}, "5": {"my_loss": 2.555522632598877, "han_loss": 2.509150981903076, "piqa,acc": 0.7557127312295974, "winogrande,acc": 0.5911602209944752, "lambada_openai,acc": 0.5835435668542597, "hellaswag,acc": 0.4690300736904999}, "4": {"my_loss": 2.635475886464119, "han_loss": 2.5802464485168457, "piqa,acc": 0.749183895538629, "winogrande,acc": 0.5864246250986582, "lambada_openai,acc": 0.5400737434504173, "hellaswag,acc": 0.46195976897032465}, "3": {"my_loss": 3.004079821705818, "han_loss": 3.0309784412384033, "piqa,acc": 0.719260065288357, "winogrande,acc": 0.5469613259668509, "lambada_openai,acc": 0.3755094119930138, "hellaswag,acc": 0.4144592710615415}, "2": {"my_loss": 7.609261546134949, "han_loss": 9.008934020996094, "piqa,acc": 0.5321001088139282, "winogrande,acc": 0.5114443567482242, "lambada_openai,acc": 0.0, "hellaswag,acc": 0.26329416450906196}}