{"16": {"my_loss": 2.5283654907345774, "han_loss": 2.4784634113311768, "piqa,acc": 0.7546245919477693, "winogrande,acc": 0.5990528808208366, "lambada_openai,acc": 0.5722879875800505}, "5": {"my_loss": 2.553173604607582, "han_loss": 2.5052034854888916, "piqa,acc": 0.7519042437431991, "winogrande,acc": 0.5951065509076559, "lambada_openai,acc": 0.579856394333398}, "4": {"my_loss": 2.6478525322675703, "han_loss": 2.603729486465454, "piqa,acc": 0.7557127312295974, "winogrande,acc": 0.5911602209944752, "lambada_openai,acc": 0.5451193479526489}, "3": {"my_loss": 3.0530334734916686, "han_loss": 3.1453487873077393, "piqa,acc": 0.7116430903155604, "winogrande,acc": 0.5485398579321231, "lambada_openai,acc": 0.39996118765767513}, "2": {"my_loss": 8.206602396965026, "han_loss": 9.634570121765137, "piqa,acc": 0.5337323177366703, "winogrande,acc": 0.5138121546961326, "lambada_openai,acc": 0.0}}