{"16": {"my_loss": 2.473969193994999, "han_loss": 2.3833682537078857, "piqa,acc": 0.7611534276387377, "winogrande,acc": 0.5974743488555643, "lambada_openai,acc": 0.5947991461284688, "hellaswag,acc": 0.4881497709619598}, "5": {"my_loss": 2.479021257162094, "han_loss": 2.3875017166137695, "piqa,acc": 0.7611534276387377, "winogrande,acc": 0.6006314127861089, "lambada_openai,acc": 0.5911119736076073, "hellaswag,acc": 0.48645688109938257}, "4": {"my_loss": 2.500313600897789, "han_loss": 2.4114327430725098, "piqa,acc": 0.7611534276387377, "winogrande,acc": 0.6022099447513812, "lambada_openai,acc": 0.5928585290122259, "hellaswag,acc": 0.484564827723561}, "3": {"my_loss": 2.6310529017448427, "han_loss": 2.5350022315979004, "piqa,acc": 0.7470076169749728, "winogrande,acc": 0.590370955011839, "lambada_openai,acc": 0.5394915583155443, "hellaswag,acc": 0.46564429396534557}, "2": {"my_loss": 4.073920135498047, "han_loss": 4.506333827972412, "piqa,acc": 0.6153427638737758, "winogrande,acc": 0.5201262825572218, "lambada_openai,acc": 0.0838346594216961, "hellaswag,acc": 0.3234415455088628}}