{"16": {"my_loss": 2.4273473259806635, "han_loss": 2.334076404571533, "piqa,acc": 0.7742110990206746, "winogrande,acc": 0.6243093922651933, "lambada_openai,acc": 0.6165340578303901, "hellaswag,acc": 0.5046803425612428}, "5": {"my_loss": 2.432669803202152, "han_loss": 2.3402576446533203, "piqa,acc": 0.7736670293797606, "winogrande,acc": 0.6243093922651933, "lambada_openai,acc": 0.6142053172908986, "hellaswag,acc": 0.504779924317865}, "4": {"my_loss": 2.4563521432876585, "han_loss": 2.3649022579193115, "piqa,acc": 0.7633297062023939, "winogrande,acc": 0.6203630623520127, "lambada_openai,acc": 0.6198331069280031, "hellaswag,acc": 0.5010953993228441}, "3": {"my_loss": 2.577945529222488, "han_loss": 2.4856643676757812, "piqa,acc": 0.7480957562568009, "winogrande,acc": 0.6093133385951065, "lambada_openai,acc": 0.5678245682126917, "hellaswag,acc": 0.48396733718382795}, "2": {"my_loss": 4.154374735355377, "han_loss": 4.618934631347656, "piqa,acc": 0.6245919477693145, "winogrande,acc": 0.5493291239147593, "lambada_openai,acc": 0.08014748690083447, "hellaswag,acc": 0.3293168691495718}}