{"16": {"my_loss": 2.473969319164753, "han_loss": 2.3833682537078857, "piqa,acc": 0.7611534276387377, "winogrande,acc": 0.5974743488555643, "lambada_openai,acc": 0.5947991461284688, "hellaswag,acc": 0.4881497709619598}, "5": {"my_loss": 2.47870275169611, "han_loss": 2.38747501373291, "piqa,acc": 0.764961915125136, "winogrande,acc": 0.5982636148382005, "lambada_openai,acc": 0.5913060353192315, "hellaswag,acc": 0.48665604461262696}, "4": {"my_loss": 2.498878307044506, "han_loss": 2.4094974994659424, "piqa,acc": 0.7616974972796517, "winogrande,acc": 0.606156274664562, "lambada_openai,acc": 0.5878129245099942, "hellaswag,acc": 0.48466440948018324}, "3": {"my_loss": 2.605266941189766, "han_loss": 2.5163824558258057, "piqa,acc": 0.7410228509249184, "winogrande,acc": 0.5911602209944752, "lambada_openai,acc": 0.5488065204735105, "hellaswag,acc": 0.46863174666401114}, "2": {"my_loss": 3.874727952480316, "han_loss": 4.430663585662842, "piqa,acc": 0.6300326441784548, "winogrande,acc": 0.5138121546961326, "lambada_openai,acc": 0.09276149815641374, "hellaswag,acc": 0.3385779725154352}}