{"16": {"my_loss": 2.4273476377129555, "han_loss": 2.334076404571533, "piqa,acc": 0.7742110990206746, "winogrande,acc": 0.6243093922651933, "lambada_openai,acc": 0.6165340578303901, "hellaswag,acc": 0.5046803425612428}, "5": {"my_loss": 2.432208496928215, "han_loss": 2.3388004302978516, "piqa,acc": 0.7693144722524483, "winogrande,acc": 0.6211523283346487, "lambada_openai,acc": 0.6161459344071415, "hellaswag,acc": 0.5035849432383988}, "4": {"my_loss": 2.451682811677456, "han_loss": 2.3633904457092285, "piqa,acc": 0.7671381936887922, "winogrande,acc": 0.6258879242304657, "lambada_openai,acc": 0.6143993790025228, "hellaswag,acc": 0.500497908783111}, "3": {"my_loss": 2.5627077639102938, "han_loss": 2.469970464706421, "piqa,acc": 0.7551686615886833, "winogrande,acc": 0.6045777426992897, "lambada_openai,acc": 0.5701533087521832, "hellaswag,acc": 0.48526190001991637}, "2": {"my_loss": 4.0104708790779116, "han_loss": 4.460071563720703, "piqa,acc": 0.6229597388465724, "winogrande,acc": 0.5390686661404893, "lambada_openai,acc": 0.09411993013778382, "hellaswag,acc": 0.3308105954989046}}