{"16": {"my_loss": 2.379605697095394, "han_loss": 2.2780911922454834, "piqa,acc": 0.7720348204570185, "winogrande,acc": 0.6227308602999211, "lambada_openai,acc": 0.6369105375509412, "hellaswag,acc": 0.5215096594303924}, "5": {"my_loss": 2.385730687379837, "han_loss": 2.2843520641326904, "piqa,acc": 0.7682263329706203, "winogrande,acc": 0.6211523283346487, "lambada_openai,acc": 0.6343877352998254, "hellaswag,acc": 0.5214100776737701}, "4": {"my_loss": 2.4133803114295005, "han_loss": 2.3130593299865723, "piqa,acc": 0.764417845484222, "winogrande,acc": 0.6140489344909235, "lambada_openai,acc": 0.6415680186299243, "hellaswag,acc": 0.517625970922127}, "3": {"my_loss": 2.544339143037796, "han_loss": 2.445401430130005, "piqa,acc": 0.7529923830250272, "winogrande,acc": 0.5951065509076559, "lambada_openai,acc": 0.5860663691053755, "hellaswag,acc": 0.5016928898625772}, "2": {"my_loss": 4.297013213634491, "han_loss": 4.920600891113281, "piqa,acc": 0.5984766050054406, "winogrande,acc": 0.5074980268350434, "lambada_openai,acc": 0.07044440131961964, "hellaswag,acc": 0.3207528380800637}}