{"16": {"my_loss": 2.3796057289838792, "han_loss": 2.278090000152588, "piqa,acc": 0.7720348204570185, "winogrande,acc": 0.6227308602999211, "lambada_openai,acc": 0.6367164758393169, "hellaswag,acc": 0.5215096594303924}, "5": {"my_loss": 2.385820681452751, "han_loss": 2.2855618000030518, "piqa,acc": 0.7693144722524483, "winogrande,acc": 0.6266771902131019, "lambada_openai,acc": 0.6357461672811954, "hellaswag,acc": 0.5205138418641705}, "4": {"my_loss": 2.4094642859697344, "han_loss": 2.3106465339660645, "piqa,acc": 0.7671381936887922, "winogrande,acc": 0.606156274664562, "lambada_openai,acc": 0.6287599456627208, "hellaswag,acc": 0.515435172276439}, "3": {"my_loss": 2.539001439809799, "han_loss": 2.4373116493225098, "piqa,acc": 0.7551686615886833, "winogrande,acc": 0.5824782951854776, "lambada_openai,acc": 0.594216960993596, "hellaswag,acc": 0.498406691894045}, "2": {"my_loss": 4.322674729824066, "han_loss": 4.796943187713623, "piqa,acc": 0.5979325353645266, "winogrande,acc": 0.4940805051302289, "lambada_openai,acc": 0.061517562584902, "hellaswag,acc": 0.32732523401712804}}