{"16": {"my_loss": 2.3955100637674334, "han_loss": 2.290682315826416, "piqa,acc": 0.7736670293797606, "winogrande,acc": 0.6211523283346487, "lambada_openai,acc": 0.6578692024063653, "hellaswag,acc": 0.5144393547102171}, "5": {"my_loss": 2.4018495574593546, "han_loss": 2.2972519397735596, "piqa,acc": 0.7742110990206746, "winogrande,acc": 0.6243093922651933, "lambada_openai,acc": 0.6592276343877354, "hellaswag,acc": 0.5159330810595499}, "4": {"my_loss": 2.425271962881088, "han_loss": 2.321043014526367, "piqa,acc": 0.7731229597388466, "winogrande,acc": 0.6227308602999211, "lambada_openai,acc": 0.6532117213273821, "hellaswag,acc": 0.5095598486357299}, "3": {"my_loss": 2.5430285263061525, "han_loss": 2.4382781982421875, "piqa,acc": 0.7627856365614799, "winogrande,acc": 0.6037884767166535, "lambada_openai,acc": 0.6165340578303901, "hellaswag,acc": 0.49522007568213505}, "2": {"my_loss": 3.924305629730225, "han_loss": 4.255015850067139, "piqa,acc": 0.6207834602829162, "winogrande,acc": 0.5153906866614049, "lambada_openai,acc": 0.10848049679798176, "hellaswag,acc": 0.3361880103565027}}