{"16": {"my_loss": 2.3955098381638527, "han_loss": 2.290682792663574, "piqa,acc": 0.7736670293797606, "winogrande,acc": 0.6211523283346487, "lambada_openai,acc": 0.6578692024063653}, "5": {"my_loss": 2.401718273162842, "han_loss": 2.2973573207855225, "piqa,acc": 0.7747551686615887, "winogrande,acc": 0.6219415943172849, "lambada_openai,acc": 0.6588395109644867}, "4": {"my_loss": 2.4271760737895964, "han_loss": 2.3246328830718994, "piqa,acc": 0.7747551686615887, "winogrande,acc": 0.6250986582478295, "lambada_openai,acc": 0.6578692024063653}, "3": {"my_loss": 2.5531053948402405, "han_loss": 2.449747085571289, "piqa,acc": 0.7578890097932536, "winogrande,acc": 0.606156274664562, "lambada_openai,acc": 0.6227440326023675}, "2": {"my_loss": 4.171345031261444, "han_loss": 4.669826507568359, "piqa,acc": 0.6044613710554951, "winogrande,acc": 0.4972375690607735, "lambada_openai,acc": 0.07607219095672424}}