{"16": {"my_loss": 2.3332309970259666, "han_loss": 2.219839572906494, "piqa,acc": 0.7769314472252449, "winogrande,acc": 0.6535122336227308, "lambada_openai,acc": 0.678633805550165, "hellaswag,acc": 0.5406293567018522}, "5": {"my_loss": 2.3413383358716966, "han_loss": 2.226837158203125, "piqa,acc": 0.778563656147987, "winogrande,acc": 0.6566692975532754, "lambada_openai,acc": 0.6776634969920434, "hellaswag,acc": 0.5373431587333201}, "4": {"my_loss": 2.3757849633693695, "han_loss": 2.257382392883301, "piqa,acc": 0.7774755168661589, "winogrande,acc": 0.6558800315706393, "lambada_openai,acc": 0.6774694352804191, "hellaswag,acc": 0.5333598884684326}, "3": {"my_loss": 2.524714146256447, "han_loss": 2.3963730335235596, "piqa,acc": 0.7742110990206746, "winogrande,acc": 0.6282557221783741, "lambada_openai,acc": 0.6161459344071415, "hellaswag,acc": 0.5048795060744872}, "2": {"my_loss": 4.975307660102844, "han_loss": 5.561758995056152, "piqa,acc": 0.5652883569096845, "winogrande,acc": 0.5067087608524072, "lambada_openai,acc": 0.02173491170192121, "hellaswag,acc": 0.2887870942043418}}