{"16": {"my_loss": 2.3332310196757318, "han_loss": 2.2198383808135986, "piqa,acc": 0.7769314472252449, "winogrande,acc": 0.6535122336227308, "lambada_openai,acc": 0.678633805550165, "hellaswag,acc": 0.5406293567018522}, "5": {"my_loss": 2.341095775663853, "han_loss": 2.2269020080566406, "piqa,acc": 0.7758433079434167, "winogrande,acc": 0.648776637726914, "lambada_openai,acc": 0.6745585096060547, "hellaswag,acc": 0.5396335391356304}, "4": {"my_loss": 2.372680358886719, "han_loss": 2.2557010650634766, "piqa,acc": 0.780739934711643, "winogrande,acc": 0.6527229676400947, "lambada_openai,acc": 0.6693188433921987, "hellaswag,acc": 0.5316669986058554}, "3": {"my_loss": 2.5156837248802186, "han_loss": 2.3902785778045654, "piqa,acc": 0.7622415669205659, "winogrande,acc": 0.6258879242304657, "lambada_openai,acc": 0.6242965262953619, "hellaswag,acc": 0.50318661621191}, "2": {"my_loss": 4.477516932487488, "han_loss": 4.960851192474365, "piqa,acc": 0.5919477693144722, "winogrande,acc": 0.5074980268350434, "lambada_openai,acc": 0.05239666213856006, "hellaswag,acc": 0.30551682931686913}}