{"16": {"my_loss": 2.3500554694235323, "han_loss": 2.2340610027313232, "piqa,acc": 0.7780195865070729, "winogrande,acc": 0.6377269139700079, "lambada_openai,acc": 0.6712594605084417}, "5": {"my_loss": 2.3571644338965414, "han_loss": 2.241203784942627, "piqa,acc": 0.7747551686615887, "winogrande,acc": 0.6400947119179163, "lambada_openai,acc": 0.6743644478944304}, "4": {"my_loss": 2.3895075896382334, "han_loss": 2.2678475379943848, "piqa,acc": 0.7769314472252449, "winogrande,acc": 0.6274664561957379, "lambada_openai,acc": 0.6739763244711818}, "3": {"my_loss": 2.5229144406318667, "han_loss": 2.4031765460968018, "piqa,acc": 0.7606093579978237, "winogrande,acc": 0.6258879242304657, "lambada_openai,acc": 0.6279836988162235}, "2": {"my_loss": 4.804213325977326, "han_loss": 5.379116058349609, "piqa,acc": 0.5756256800870512, "winogrande,acc": 0.5035516969218626, "lambada_openai,acc": 0.035513293227246265}}