{"16": {"my_loss": 2.3500556999444964, "han_loss": 2.2340619564056396, "piqa,acc": 0.7780195865070729, "winogrande,acc": 0.6369376479873717, "lambada_openai,acc": 0.6712594605084417}, "5": {"my_loss": 2.3565979608893395, "han_loss": 2.240466833114624, "piqa,acc": 0.7763873775843307, "winogrande,acc": 0.6393054459352802, "lambada_openai,acc": 0.6720357073549389}, "4": {"my_loss": 2.3859408411383627, "han_loss": 2.2658188343048096, "piqa,acc": 0.7704026115342764, "winogrande,acc": 0.6290449881610103, "lambada_openai,acc": 0.6689307199689501}, "3": {"my_loss": 2.5184098863601685, "han_loss": 2.3966453075408936, "piqa,acc": 0.7519042437431991, "winogrande,acc": 0.6243093922651933, "lambada_openai,acc": 0.6242965262953619}, "2": {"my_loss": 4.247314341068268, "han_loss": 4.658260822296143, "piqa,acc": 0.5745375408052231, "winogrande,acc": 0.5193370165745856, "lambada_openai,acc": 0.05181447700368717}}