{"16": {"my_loss": 2.2903624895215033, "han_loss": 2.165773630142212, "piqa,acc": 0.7829162132752993, "winogrande,acc": 0.6606156274664562, "lambada_openai,acc": 0.6813506695129051}, "5": {"my_loss": 2.3010891646146776, "han_loss": 2.176908254623413, "piqa,acc": 0.7840043525571273, "winogrande,acc": 0.6629834254143646, "lambada_openai,acc": 0.6873665825732583}, "4": {"my_loss": 2.3472708249092102, "han_loss": 2.2132785320281982, "piqa,acc": 0.7763873775843307, "winogrande,acc": 0.6519337016574586, "lambada_openai,acc": 0.676111003299049}, "3": {"my_loss": 2.5350921177864074, "han_loss": 2.3953545093536377, "piqa,acc": 0.764417845484222, "winogrande,acc": 0.6156274664561957, "lambada_openai,acc": 0.6178924898117601}, "2": {"my_loss": 6.3752090978622435, "han_loss": 6.88045072555542, "piqa,acc": 0.5658324265505985, "winogrande,acc": 0.5019731649565904, "lambada_openai,acc": 0.023093343683291287}}