{"16": {"my_loss": 2.29036166459322, "han_loss": 2.1657731533050537, "piqa,acc": 0.7829162132752993, "winogrande,acc": 0.6606156274664562, "lambada_openai,acc": 0.6813506695129051, "hellaswag,acc": 0.5495917147978491}, "5": {"my_loss": 2.3025255739688872, "han_loss": 2.1766860485076904, "piqa,acc": 0.7818280739934712, "winogrande,acc": 0.6614048934490924, "lambada_openai,acc": 0.6895012614011256, "hellaswag,acc": 0.5466042620991834}, "4": {"my_loss": 2.3519501161575316, "han_loss": 2.2164876461029053, "piqa,acc": 0.780195865070729, "winogrande,acc": 0.6558800315706393, "lambada_openai,acc": 0.6840675334756453, "hellaswag,acc": 0.5397331208922526}, "3": {"my_loss": 2.8085518956184385, "han_loss": 2.6126561164855957, "piqa,acc": 0.7595212187159956, "winogrande,acc": 0.6187845303867403, "lambada_openai,acc": 0.5053366970696681, "hellaswag,acc": 0.4945230033857797}, "2": {"my_loss": 6.513906936645508, "han_loss": 7.466649532318115, "piqa,acc": 0.5544069640914037, "winogrande,acc": 0.5011838989739542, "lambada_openai,acc": 0.0017465554046186688, "hellaswag,acc": 0.2693686516630153}}