{"16": {"my_loss": 2.314445703625679, "han_loss": 2.1980369091033936, "piqa,acc": 0.7780195865070729, "winogrande,acc": 0.664561957379637, "lambada_openai,acc": 0.6623326217737241, "hellaswag,acc": 0.5385381398127863}, "5": {"my_loss": 2.32458753824234, "han_loss": 2.2083752155303955, "piqa,acc": 0.7780195865070729, "winogrande,acc": 0.6661404893449092, "lambada_openai,acc": 0.6708713370851931, "hellaswag,acc": 0.5381398127862975}, "4": {"my_loss": 2.365433432161808, "han_loss": 2.240680456161499, "piqa,acc": 0.780739934711643, "winogrande,acc": 0.6519337016574586, "lambada_openai,acc": 0.6611682515039783, "hellaswag,acc": 0.5326628161720772}, "3": {"my_loss": 2.5254285645484926, "han_loss": 2.396775007247925, "piqa,acc": 0.764961915125136, "winogrande,acc": 0.6306235201262825, "lambada_openai,acc": 0.6173103046768873, "hellaswag,acc": 0.5037841067516431}, "2": {"my_loss": 5.537788543701172, "han_loss": 6.3870463371276855, "piqa,acc": 0.5511425462459195, "winogrande,acc": 0.5217048145224941, "lambada_openai,acc": 0.0067921599068503785, "hellaswag,acc": 0.277733519219279}}