{"16": {"my_loss": 2.314446516036987, "han_loss": 2.1980369091033936, "piqa,acc": 0.7780195865070729, "winogrande,acc": 0.664561957379637, "lambada_openai,acc": 0.6621385600620997, "hellaswag,acc": 0.5385381398127863}, "5": {"my_loss": 2.3235772517323494, "han_loss": 2.2072198390960693, "piqa,acc": 0.779651795429815, "winogrande,acc": 0.6637726913970008, "lambada_openai,acc": 0.6697069668154473, "hellaswag,acc": 0.5389364668392751}, "4": {"my_loss": 2.3623713594675064, "han_loss": 2.2387442588806152, "piqa,acc": 0.7823721436343852, "winogrande,acc": 0.6440410418310971, "lambada_openai,acc": 0.6588395109644867, "hellaswag,acc": 0.5322644891455885}, "3": {"my_loss": 2.5255873513221743, "han_loss": 2.3929495811462402, "piqa,acc": 0.763873775843308, "winogrande,acc": 0.6314127861089187, "lambada_openai,acc": 0.6107122064816611, "hellaswag,acc": 0.5036845249950209}, "2": {"my_loss": 4.716633582115174, "han_loss": 5.116536617279053, "piqa,acc": 0.5794341675734495, "winogrande,acc": 0.5288082083662194, "lambada_openai,acc": 0.05821851348728896, "hellaswag,acc": 0.2996415056761601}}