{"16": {"my_loss": 2.5672655338048935, "han_loss": 2.520399808883667, "piqa,acc": 0.7431991294885746, "winogrande,acc": 0.5753749013417522, "lambada_openai,acc": 0.5493887056083835, "hellaswag,acc": 0.45449113722366064}, "5": {"my_loss": 2.5726232141256333, "han_loss": 2.5270256996154785, "piqa,acc": 0.7426550598476604, "winogrande,acc": 0.5698500394632992, "lambada_openai,acc": 0.5503590141665049, "hellaswag,acc": 0.4539932284405497}, "4": {"my_loss": 2.590246390104294, "han_loss": 2.5452468395233154, "piqa,acc": 0.7442872687704026, "winogrande,acc": 0.5714285714285714, "lambada_openai,acc": 0.5288181641762081, "hellaswag,acc": 0.4501095399322844}, "3": {"my_loss": 2.6828575056791304, "han_loss": 2.650693655014038, "piqa,acc": 0.7317736670293797, "winogrande,acc": 0.574585635359116, "lambada_openai,acc": 0.49117019212109453, "hellaswag,acc": 0.4344752041426011}, "2": {"my_loss": 3.9409248781204225, "han_loss": 4.215149879455566, "piqa,acc": 0.6186071817192601, "winogrande,acc": 0.5122336227308603, "lambada_openai,acc": 0.09198525130991655, "hellaswag,acc": 0.3286197968532165}}