{"16": {"my_loss": 2.567266045808792, "han_loss": 2.5203990936279297, "piqa,acc": 0.7431991294885746, "winogrande,acc": 0.5753749013417522, "lambada_openai,acc": 0.5493887056083835, "hellaswag,acc": 0.45449113722366064}, "5": {"my_loss": 2.5729265999794007, "han_loss": 2.527355194091797, "piqa,acc": 0.7415669205658324, "winogrande,acc": 0.5682715074980268, "lambada_openai,acc": 0.5499708907432563, "hellaswag,acc": 0.4529974108743278}, "4": {"my_loss": 2.5931465321779252, "han_loss": 2.5473616123199463, "piqa,acc": 0.7464635473340587, "winogrande,acc": 0.5698500394632992, "lambada_openai,acc": 0.5301765961575781, "hellaswag,acc": 0.4508066122286397}, "3": {"my_loss": 2.71639015853405, "han_loss": 2.6722521781921387, "piqa,acc": 0.7279651795429815, "winogrande,acc": 0.5659037095501184, "lambada_openai,acc": 0.4818552299631283, "hellaswag,acc": 0.4309898426608245}, "2": {"my_loss": 4.279424600601196, "han_loss": 4.633673191070557, "piqa,acc": 0.6066376496191512, "winogrande,acc": 0.5130228887134964, "lambada_openai,acc": 0.04909761304094702, "hellaswag,acc": 0.309699263095001}}