{"16": {"my_loss": 2.264248694330454, "han_loss": 2.1369943618774414, "piqa,acc": 0.7818280739934712, "winogrande,acc": 0.6748224151539068, "lambada_openai,acc": 0.6900834465359984, "hellaswag,acc": 0.5550687114120693}, "5": {"my_loss": 2.279497570693493, "han_loss": 2.151372194290161, "piqa,acc": 0.7774755168661589, "winogrande,acc": 0.6685082872928176, "lambada_openai,acc": 0.6929943722103629, "hellaswag,acc": 0.5525791674965146}, "4": {"my_loss": 2.341308205127716, "han_loss": 2.205155611038208, "piqa,acc": 0.7774755168661589, "winogrande,acc": 0.6716653512233622, "lambada_openai,acc": 0.6710653987968174, "hellaswag,acc": 0.5430193188607847}, "3": {"my_loss": 2.712959671616554, "han_loss": 2.513148784637451, "piqa,acc": 0.7611534276387377, "winogrande,acc": 0.6306235201262825, "lambada_openai,acc": 0.5763632835241607, "hellaswag,acc": 0.4985062736506672}, "2": {"my_loss": 6.837159566879272, "han_loss": 7.445073127746582, "piqa,acc": 0.5516866158868335, "winogrande,acc": 0.5201262825572218, "lambada_openai,acc": 0.014942751795070833, "hellaswag,acc": 0.2673770165305716}}