{"16": {"my_loss": 2.2742726592719555, "han_loss": 2.1528265476226807, "piqa,acc": 0.7878128400435256, "winogrande,acc": 0.648776637726914, "lambada_openai,acc": 0.6990102852707161, "hellaswag,acc": 0.55327623979287}, "5": {"my_loss": 2.288334536552429, "han_loss": 2.1650474071502686, "piqa,acc": 0.7910772578890098, "winogrande,acc": 0.6416732438831886, "lambada_openai,acc": 0.6993984086939646, "hellaswag,acc": 0.5521808404700259}, "4": {"my_loss": 2.345195959508419, "han_loss": 2.21112322807312, "piqa,acc": 0.7758433079434167, "winogrande,acc": 0.659037095501184, "lambada_openai,acc": 0.7061905686008151, "hellaswag,acc": 0.5426209918342959}, "3": {"my_loss": 2.822108344435692, "han_loss": 2.6060101985931396, "piqa,acc": 0.7595212187159956, "winogrande,acc": 0.5990528808208366, "lambada_openai,acc": 0.48360178536774695, "hellaswag,acc": 0.4840669189404501}, "2": {"my_loss": 6.509882726669312, "han_loss": 7.404187202453613, "piqa,acc": 0.545157780195865, "winogrande,acc": 0.5217048145224941, "lambada_openai,acc": 0.00038812342324859306, "hellaswag,acc": 0.2657837084246166}}