{"16": {"my_loss": 2.264249126762152, "han_loss": 2.1369941234588623, "piqa,acc": 0.7818280739934712, "winogrande,acc": 0.6748224151539068, "lambada_openai,acc": 0.6900834465359984, "hellaswag,acc": 0.5550687114120693}, "5": {"my_loss": 2.2808108219504355, "han_loss": 2.150899648666382, "piqa,acc": 0.779107725788901, "winogrande,acc": 0.6692975532754538, "lambada_openai,acc": 0.6970696681544731, "hellaswag,acc": 0.5530770762796255}, "4": {"my_loss": 2.3441666525602343, "han_loss": 2.2065041065216064, "piqa,acc": 0.7747551686615887, "winogrande,acc": 0.6795580110497238, "lambada_openai,acc": 0.688530952843004, "hellaswag,acc": 0.5400318661621191}, "3": {"my_loss": 2.862667238712311, "han_loss": 2.625312089920044, "piqa,acc": 0.7480957562568009, "winogrande,acc": 0.6045777426992897, "lambada_openai,acc": 0.4638074907820687, "hellaswag,acc": 0.47938657637920734}, "2": {"my_loss": 7.1700234651565555, "han_loss": 7.846435546875, "piqa,acc": 0.5326441784548422, "winogrande,acc": 0.5185477505919495, "lambada_openai,acc": 0.00019406171162429653, "hellaswag,acc": 0.25891256721768574}}