{"16": {"my_loss": 2.274272909164429, "han_loss": 2.1528255939483643, "piqa,acc": 0.7878128400435256, "winogrande,acc": 0.648776637726914, "lambada_openai,acc": 0.6990102852707161}, "5": {"my_loss": 2.2877531911432745, "han_loss": 2.1646950244903564, "piqa,acc": 0.7845484221980413, "winogrande,acc": 0.6503551696921863, "lambada_openai,acc": 0.6955171744614788}, "4": {"my_loss": 2.3429866993427275, "han_loss": 2.2086734771728516, "piqa,acc": 0.7774755168661589, "winogrande,acc": 0.6511444356748224, "lambada_openai,acc": 0.7034737046380749}, "3": {"my_loss": 2.568355338573456, "han_loss": 2.421766757965088, "piqa,acc": 0.7725788900979326, "winogrande,acc": 0.6298342541436464, "lambada_openai,acc": 0.6145934407141471}, "2": {"my_loss": 5.652774596214295, "han_loss": 6.22794246673584, "piqa,acc": 0.5642002176278563, "winogrande,acc": 0.531965272296764, "lambada_openai,acc": 0.026004269357655735}}